ZMH,108 Mile Ranch,
LCG,A Coruna,
AAL,Aalborg,
AAR,Aarhus,
JEG,Aasiaat (Egedesminde),
ABD,Abadan,
XAB,Abbeville,
YXX,Abbotsford,
EAB,Abbs,
AEH,Abeche,
OGO,Abengourou,
ABR,Aberdeen,
ABZ,Aberdeen,
AHB,Abha,
ABJ,Abidjan,
ABI,Abilene,
AUH,Abu Dhabi,
AZI,Abu Dhabi,
ABS,Abu Simbel,
ABV,Abuja,
ACA,Acapulco,
AGV,Acarigua,
ACC,Accra,
ADA,Adana,
ADD,Addis Abeba,
ADL,Adelaide,
ADE,Aden,
ADF,Adiyaman,
AZR,Adrar,
AJY,Agades,
AGA,Agadir,
IXA,Agartala (Tripura),
AGX,Agatti (Lakshadweep),
AGF,Agen,
VOL,Aghialos,
AGR,Agra (Uttar Pradesh),
AJI,Agri,
BQN,Aguadilla,
AGU,Aguascalientes,
AMD,Ahmedabad (Gujarat),
AWZ,Ahwaz,
NGO,Aichi,
NKM,Aichi,
WRY,Aikerness,
AEO,Aioun-El-Atrouss,
AHL,Aishalton,
AIT,Aitutaki,
AJL,Aizawl (Mizoram),
AJA,Ajaccio,
ONJ,Akita,
AXT,Akita,
AJJ,Akjoujt,
LAK,Aklavik,
AKD,Akola (Maharashtra),
CAK,Akron,
AKU,Aksu,
AKX,Aktyubinsk,
AKV,Akulivik,
AKR,Akure,
AEY,Akureyri,
AAN,Al Ain,
AHU,Al Hoceima,
BUK,Al-Bough,
AAY,Al-Ghaidah,
ABC,Albacete,
ALH,Albany,
ABY,Albany,
ALB,Albany,
ALL,Albenga,
LBI,Albi,
ABQ,Albuquerque,
ABX,Albury,
ADH,Aldan,
ACI,Alderney,
ALP,Aleppo,
YLT,Alert,
YAL,Alert Bay,
ALD,Alerta,
AES,Alesund,
ALJ,Alexander Bay,
ALR,Alexandra,
ALY,Alexandria,
HBE,Alexandria,
AEX,Alexandria,
AXD,Alexandroupolis,
AHO,Alghero,
ALG,Algiers,
ALC,Alicante,
ASP,Alice Springs,
IXD,Allahabad (Uttar Pradesh),
ABE,Allentown,
YTF,Alma,
ALA,Almaty,
LEI,Almeria,
AOR,Alor Setar,
APN,Alpena,
ABH,Alpha,
ALF,Alta,
LTI,Altai,
AAT,Altay,
ARR,Alto Rio Senguer,
AOO,Altoona,
ALU,Alula,
AMC,Am-Timan,
AMA,Amarillo,
IVA,Ambanja,
ATF,Ambato,
WAM,Ambatondrazaka,
AMB,Ambilobe,
AMQ,Ambon,
ASV,Amboseli,
AZZ,Ambriz,
AMV,Amderma,
XGA,Amilcar Cabral De Gaoua,
AMM,Amman,
ADJ,Amman,
AGM,Ammassalik,
YEY,Amos,
AMP,Ampanihy,
ATQ,Amritsar (Punjab),
AMS,Amsterdam,
AAO,Anaco,
DYR,Anadyr,
HVA,Analalava,
AAQ,Anapa,
LHD,Anchorage,
MRI,Anchorage,
ANC,Anchorage,
AOI,Ancona,
ZUD,Ancud,
ANS,Andahuaylas,
ZWA,Andapa,
ANX,Andenes,
SAQ,Andros,
MAY,Andros,
ASD,Andros Town,
CRK,Angeles City,
AGH,Angelholm,
ANE,Angers,
ANO,Angoche,
ANG,Angouleme,
AXA,Anguilla,
ANI,Aniak,
AJN,Anjouan,
ESB,Ankara,
JVA,Ankavandra,
WAK,Ankazoabo,
AAE,Annaba,
NAI,Annai,
NCY,Annecy,
AQG,Anqing,
AOG,Anshan,
ATA,Anta,
ANM,Antalaha,
AYT,Antalya,
TNR,Antananarivo,
ANF,Antofagasta,
WAQ,Antsalova,
ATJ,Antsirabe,
DIE,Antsiranana,
WAI,Antsohihy,
ANR,Antwerp,
ADP,Anuradhapura,
AYN,Anyang,
AOJ,Aomori,
AOT,Aosta,
APB,Apolo,
ATW,Appleton,
AQJ,Aqaba,
AJU,Aracaju,
ARW,Arad,
ADI,Arandis,
RAE,Arar,
ACR,Araracuara,
ARY,Ararat,
GPA,Araxos,
AMH,Arba Minch,
EBL,Arbil (Erbil),
ACV,Arcata/Eureka,
ADU,Ardabil,
ABO,Arecibo,
AQP,Arequipa,
ARI,Arica,
ARH,Arkhangelsk,
DCA,Arlington (Washington,
AXM,Armenia,
ARM,Armidale,
YYW,Armstrong,
QRV,Arras,
ACE,Arrecife,
ATC,Arthurs Town,
ATI,Artigas,
RUA,Arua,
AUA,Aruba,
ARK,Arusha,
AVK,Arvaikheer,
YEK,Arviat,
AJR,Arvidsjaur,
YEH,Asalouyeh,
ASG,Ashburton,
AVL,Asheville,
ASB,Ashgabat,
ASO,Asosa,
ASE,Aspen,
TSE,Astana,
ASF,Astrakhan,
OVD,Asturias,
JTY,Astypalaia,
ASU,Asuncion,
ASW,Aswan,
ATZ,Asyut,
AXK,Ataq,
ATR,Atar,
ATB,Atbara,
AHN,Athens,
ATH,Athens (Athina),
ATV,Ati,
YIB,Atikokan,
ATL,Atlanta,
ACY,Atlantic City,
YAT,Attawapiskat,
AOU,Attopeu,
GUW,Atyrau,
OBS,Aubenas,
AUC,Auch,
AKL,Auckland,
AGB,Augsburg,
AGS,Augusta,
YPJ,Aupaluk,
IXU,Aurangabad (Maharashtra),
AUR,Aurillac,
AUS,Austin,
XXG,Autun,
AUF,Auxerre,
AVV,Avalon,
AVN,Avignon,
AWA,Awasa,
AXU,Axum,
AYP,Ayacucho,
BCM,Bacau,
BCO,Baco,
BCD,Bacolod,
BJZ,Badajoz,
BFX,Bafoussam,
BGN,Bagabag,
NYU,Bagan,
IXB,Bagdogra (West Bengal),
BGL,Baglung,
YBG,Bagotville,
BAG,Baguio,
BHV,Bahawalpur,
BHI,Bahia Blanca,
BSC,Bahia Solano,
BJR,Bahir Dar,
BAH,Bahrain,
BAY,Baia Mare,
YBC,Baie-Comeau,
BSJ,Bairnsdale,
BIT,Baitadi,
BJH,Bajhang,
BJU,Bajura,
BXE,Bakel,
YBK,Baker Lake,
BFL,Bakersfield,
BAK,Baku,
TRE,Balemartine,
BQA,Baler,
EDO,Balikesir,
BPN,Balikpapan,
BXH,Balkhash,
BNK,Ballina,
BBA,Balmaceda,
BZD,Balranald,
BWI,Baltimore,
GPS,Baltra I Galapagos Is,
RGH,Balurghat (West Bengal),
BXR,Bam,
BKO,Bamako,
BBY,Bambari,
BPC,Bamenda,
OUI,Ban Houeisay,
BTJ,Banda Aceh,
BND,Bandar Abbass,
TKG,Bandar Lampung,
BDH,Bandar Lengeh,
BWN,Bandar Seri Begawan,
FDU,Bandundu,
BDO,Bandung,
BNR,Banfora,
BLR,Bangalore (Karnataka),
BGU,Bangassou,
BKK,Bangkok,
BGR,Bangor,
BGF,Bangui,
BNX,Banja Luka,
BDJ,Banjarmasin,
BJL,Banjul,
BWU,Bankstown,
BNP,Bannu,
BSD,Baoshan,
BAV,Baotou,
BHB,Bar Harbor,
BCA,Baracoa,
BRX,Barahona,
BCN,Barcelona,
BLA,Barcelona,
BDU,Bardufoss,
BRI,Bari,
BRC,Bariloche,
BNS,Barinas,
BBN,Bario,
BZL,Barisal,
BAX,Barnaul,
BRM,Barquisimeto,
BRR,Barra,
BCL,Barra del Colorado,
EJA,Barrancabermeja,
BAQ,Barranquilla,
BRW,Barrow,
BWF,Barrow-in-Furness,
BBH,Barth,
UUN,Baruun-Urt,
BSU,Basankusu,
BSO,Basco,
MLH,Basel-Mulhouse,
QLA,Basingstoke,
BAN,Basongo,
BBR,Basse-Terre,
BIA,Bastia,
BSG,Bata,
BTH,Batam,
BHS,Bathurst,
ZBF,Bathurst,
BRT,Bathurst Island,
BAL,Batman,
BTR,Baton Rouge,
OUR,Batouri,
BJF,Batsfjord,
BBM,Battambang Combodia,
BTC,Batticaloa,
BYM,Bayamo,
BYN,Bayankhongor,
BYU,Bayreuth,
BPT,Beaumont,
BVA,Beauvais,
YXQ,Beaver Creek,
BED,Bedford,
BEU,Bedourie,
EIS,Beef I,
BEV,Beer Sheba,
WBD,Befandriana,
BEI,Beica,
BHY,Beihai,
BHN,Beihan,
NAY,Beijing,
PEK,Beijing,
BEW,Beira,
BEY,Beirut,
BJA,Bejaia,
OVA,Bekily,
BEL,Belem,
BHD,Belfast,
BFS,Belfast,
IXG,Belgaum (Karnataka),
EGO,Belgorod,
BEG,Belgrade,
BZE,Belize,
ZEL,Bella Bella,
QBC,Bella Coola,
BLP,Bellavista,
BLI,Bellingham,
BLX,Belluno,
BMD,Belo,
CNF,Belo Horizonte,
PLU,Belo Horizonte,
BJI,Bemidji,
BLN,Benalla,
BEB,Benbecula,
BFU,Bengbu,
BUG,Benguela,
BNC,Beni,
BNI,Benin,
BEN,Benina-Benghazi,
BBO,Berbera,
BBT,Berberati,
YBV,Berens River,
BGY,Bergamo,
BGO,Bergen,
EGC,Bergerac,
BVG,Berlevag,
BER,Berlin,
SXF,Berlin,
TXL,Berlin,
BJO,Bermejo,
BRN,Bern,
WBO,Beroroha,
BTA,Bertoua,
QBQ,Besacon,
BPY,Besalampy,
BET,Bethel,
BTB,Betou,
BZR,Beziers,
BWA,Bhairahawa,
BHR,Bharatpur,
BHU,Bhavnagar (Gurajat),
BHP,Bhojpur,
BHO,Bhopal (Madhya Pradesh),
BBI,Bhubaneswar (Orissa),
BHJ,Bhuj (Gujarat),
KUU,Bhuntar (Himachal Pradesh),
BIK,Biak,
BIQ,Biarritz,
BFE,Bielefeld,
YTL,Big Trout Lake,
BIO,Bilbao,
BIL,Billings,
BLL,Billund,
BGM,Binghamton,
BTU,Bintulu,
IRO,Birao,
BIR,Biratnagar,
BDI,Bird Island,
XBJ,Birjand,
BHM,Birmingham,
BHX,Birmingham,
BHH,Bisha,
FRU,Bishkek,
BIY,Bisho,
BPH,Bislig,
BIS,Bismarck,
OXB,Bissau,
BMM,Bitam,
BKQ,Blackall,
BLK,Blackpool,
BLT,Blackwater,
BQS,Blagoveschensk,
BLZ,Blantyre,
BHE,Blenheim,
BFN,Bloemfontein,
XBQ,Blois (Villefrancoeur),
BLO,Blonduos,
YDV,Bloodvein River,
BMI,Bloomington,
BEF,Bluefields,
KBS,Bo,
BVB,Boa Vista,
BOY,Bobo-Dioulasso,
BOC,Bocas Del Toro,
BOO,Bodo,
BNB,Boende,
BGH,Bogue,
BOI,Boise,
BJB,Bojnord,
BKJ,Boke,
BKR,Bokoro,
OTC,Bol,
BLQ,Bologna,
BZO,Bolzano,
BOA,Boma,
BON,Bonaire,
YVB,Bonaventure,
BDK,Bondoukou,
SGS,Bongao,
OGR,Bongor,
YBY,Bonnyville,
BTE,Bonthe,
BGB,Booue,
BOB,Bora Bora,
MPH,Boracay / Malay,
BOD,Bordeaux,
BMW,Bordj Mokhtar,
BMK,Borkum,
BLE,Borlange,
BSA,Bosaso,
BSN,Bossangoa,
BST,Bost,
BOS,Boston,
BUJ,Bou Saada,
BYK,Bouake,
BOP,Bouar,
BQL,Boulia,
BQO,Bouna,
YDT,Boundary Bay,
BXI,Boundiali,
BOE,Boundji,
BOU,Bourges,
BRK,Bourke,
BOH,Bournemouth,
OUT,Bousso,
OTL,Boutilimit,
BZN,Bozeman,
BOZ,Bozoum,
BWK,Brac,
BGZ,Braga,
BGC,Braganca,
BRD,Brainerd,
YBR,Brandon,
BSB,Brasilia,
BTS,Bratislava,
BTK,Bratsk,
BWE,Braunschweig,
BZV,Brazzaville,
BRE,Bremen,
BRV,Bremerhaven,
VBS,Brescia,
BQT,Brest,
BES,Brest (Guipavas),
BWQ,Brewarrina,
BIV,Bria,
BGI,Brigetown,
MHU,Bright,
BDS,Brindisi,
BNE,Brisbane,
BRS,Bristol,
BVE,Brive-La-Gaillarde,
BRQ,Brno,
YBT,Brochet,
BHQ,Broken Hill,
ZBM,Bromont,
BNN,Bronnoysund,
BME,Broome,
BRO,Brownsville,
BQK,Brunswick,
BRU,Brussels,
BGA,Bucaramanga,
BBU,Bucharest - Baneasa,
OTP,Bucharest - Otopeni,
UCN,Buckanan,
BUD,Budapest,
BUN,Buenaventura,
AEP,Buenos Aires,
BAI,Buenos Aires,
BUF,Buffalo,
YVT,Buffalo Narrows,
BJM,Bujumbura,
BKY,Bukavu,
BHK,Bukhara,
BKZ,Bukoba,
BUQ,Bulawayo,
UGA,Bulgan,
IFP,Bullhead City,
BMB,Bumba,
BDB,Bundaberg,
BUX,Bunia,
BMV,Buon Ma Thuot,
BUO,Burao,
SGE,Burbach,
BUR,Burbank,
PAD,Buren-Ahden,
BOJ,Burgas,
BTV,Burlington,
BWT,Burnie,
YPZ,Burns Lake,
YEI,Bursa,
YDB,Burwash,
BUZ,Bushehr,
BQB,Busselton,
USU,Busuanga / Coron,
HEI,Busum,
BZU,Buta-Zega,
BTQ,Butare,
BBG,Butaritari,
BTM,Butte,
BWH,Butterworth,
BXU,Butuan,
BZG,Bydgoszcz,
CAH,Ca Mau,
CAB,Cabinda,
CFR,Caen,
CGY,Cagayan de Oro,
CAG,Cagliari,
ZAO,Cahors,
CNS,Cairns,
CAI,Cairo,
CJA,Cajamarca,
CBQ,Calabar,
CLZ,Calabozo,
CQF,Calais,
CJC,Calama,
CPP,Calapan,
CYP,Calbayog,
KSF,Calden,
YYC,Calgary,
CLO,Cali,
CLY,Calvi,
CMW,Camaguey,
BBS,Camberley,
HBA,Cambridge,
CBG,Cambridge,
YCB,Cambridge Bay,
CDU,Camden,
CAM,Camiri,
YBL,Campbell River,
CAL,Campbeltown,
CPE,Campeche,
VCP,Campinas,
CGR,Campo Grande,
UDN,Campoformido / Udine,
VCA,Can Tho,
CAJ,Canaima,
CKZ,Canakkale,
CBR,Canberra,
CUN,Cancun,
CXN,Candala,
CEQ,Cannes,
MSE,Canterbury,
CIS,Canton I,
CAP,Cap Haitien,
CSK,Cap Skiring,
YTE,Cape Dorset,
CPT,Cape Town,
CSB,Caransebes - Resita,
CCF,Carcassonne,
CWL,Cardiff,
CAX,Carlisle,
CRQ,Carlsbad,
CMM,Carmelita,
CVQ,Carnarvon,
GWY,Carnmore,
VCR,Carora,
CFN,Carrickfin,
RIK,Carrillo,
CTG,Cartagena,
CRC,Cartago,
YRF,Cartwright,
CUP,Carupano,
CUO,Caruru,
CMN,Casablanca,
CAS,Casablanca,
CPR,Casper,
YCG,Castlegar,
DCM,Castres-Mazamet,
SLU,Castries,
YAC,Cat Lake,
CAA,Catacamas,
CTC,Catamarca,
CTA,Catania,
CRM,Catarman,
CYZ,Cauayan,
CAQ,Caucasia,
CAY,Cayenne,
CYB,Cayman Brac,
CCC,Cayo Coco,
CYO,Cayo Largo del Sur,
CEB,Cebu / Lapu-Lapu City,
CDC,Cedar City,
CID,Cedar Rapids,
CED,Ceduna,
CGK,Cengkareng,
YCE,Centralia,
SMB,Cerro Sombrero,
JCU,Ceuta,
CHH,Chachapoyas,
ZBR,Chah Bahar,
WCH,Chaiten,
CMF,Chambery,
CMI,Champaign / Urbana,
CNR,Chanaral,
IXC,Chandigarh,
CGQ,Changchun,
SIN,Changi,
CSX,Changsha,
CHX,Changuinola,
CIH,Changzhi,
CZX,Changzhou,
CHQ,Chania,
IAD,Chantilly (Washington,
CPL,Chaparral,
YLD,Chapleau,
BPM,Charikar,
CCN,Charkhcharan,
CRL,Charleroi,
CHS,Charleston,
CRW,Charleston,
CTL,Charleville,
YML,Charlevoix,
CVX,Charlevoix,
YCL,Charlo,
CLT,Charlotte,
CHO,Charlottesville,
YYG,Charlottetown,
CHR,Chateauroux,
CHT,Chatham Is,
CHA,Chattanooga,
CHV,Chaves,
CSY,Cheboksary,
CJU,Cheju,
CEH,Chelinda,
CEK,Chelyabinsk,
CTU,Chengdu,
MAA,Chennai (Tamil Nadu),
CER,Cherbourg,
CEG,Chester,
YCS,Chesterfield Inlet,
CTM,Chetumal,
YCQ,Chetwynd,
YHR,Chevery,
CYS,Cheyenne,
CNX,Chiang Mai,
CEI,Chiang Rai,
NRT,Chiba,
YMT,Chibougamau,
ORD,Chicago,
MDW,Chicago,
CIX,Chiclayo,
CIC,Chico,
CIF,Chifeng,
IGO,Chigorodo,
CUU,Chihuahua,
CHB,Chilas,
CCH,Chile Chico,
YAI,Chillan,
YCW,Chilliwack,
CHM,Chimbote,
VPY,Chimoio,
CCL,Chinchilla,
CHF,Chinhae,
JKH,Chios,
CIP,Chipata,
BFO,Chiredzi,
KIV,Chisinau,
HTA,Chita,
CJL,Chitral,
CGP,Chittagong,
COQ,Choibalsan,
CKH,Chokurdakh,
CET,Cholet,
QHI,Chonburi (Chon Buri),
CJJ,Chongju,
CKG,Chongqing,
CHC,Christchurch,
CXI,Christmas I,
XCH,Christmas Island,
CCZ,Chub Cay,
CNN,Chulman,
QUN,Chunchon,
YYQ,Churchill,
ZUM,Churchill Falls,
AVI,Ciego de Avila,
CFG,Cienfuegos,
CIM,Cimitarra,
CBL,Ciudad Bolivar,
CGU,Ciudad Guayana,
CJS,Ciudad Juarez,
CEN,Ciudad Obregon,
CVM,Ciudad Victoria,
CME,Ciudad del Carmen,
CKB,Clarksburg,
CMQ,Clermont,
CFE,Clermont-Ferrand,
CVC,Cleve,
CLE,Cleveland,
CNJ,Cloncurry,
CMK,Club Makokola,
CLJ,Cluj-Napoca,
YCY,Clyde River,
CTF,Coatepeque,
CBV,Coban,
CAZ,Cobar,
CIJ,Cobija,
OCC,Coca,
CBB,Cochabamba,
YCN,Cochrane,
LGR,Cochrane,
ZSA,Cockburn Town,
CCK,Cocos (Keeling) Islands,
BBQ,Codrington,
COD,Cody,
CUQ,Coen,
CFS,Coffs Harbour,
CNG,Cognac,
CJB,Coimbatore (Tamil Nadu),
CBP,Coimbra,
YOD,Cold Lake,
CLQ,Colima,
CRB,Collarenebri,
CLL,College Station,
YKC,Collins Bay,
CMR,Colmar,
CMB,Colombo,
RML,Colombo,
ONX,Colon,
CYR,Colonia,
CRI,Colonial Hill,
COS,Colorado Springs,
COU,Columbia,
CAE,Columbia,
CSG,Columbus,
GTR,Columbus,
CMH,Columbus,
CLA,Comilla,
CRD,Comodoro Rivadavia,
YQQ,Comox,
VCS,Con Dao,
CKY,Conakry,
CEP,Concepcion,
CCP,Concepcion,
COG,Condoto,
COX,Congo Town,
CND,Constanta,
CZL,Constantine,
COZ,Constanza,
CPD,Coober Pedy,
COH,Cooch Behar (West Bengal),
OOL,Coolangatta,
OOM,Cooma,
COJ,Coonabarabran,
CNB,Coonamble,
CMD,Cootamundra,
CPH,Copenhagen,
RKE,Copenhagen,
CPO,Copiapo,
YZS,Coral Harbour,
COR,Cordoba,
ODB,Cordoba,
CDV,Cordova,
CFU,Corfu (Kerkyra,
ORK,Cork,
YCC,Cornwall,
CZE,Coro,
YCT,Coronation,
CWW,Corowa,
CZU,Corozal,
CRP,Corpus Christi,
CYG,Corryong,
CMG,Corumba,
CVU,Corvo Island,
CBO,Cotabato,
OTR,Coto 47,
COO,Cotonou,
CVF,Courchevel,
CVE,Covenas,
CVT,Coventry,
COV,Covilha,
CVG,Covington,
YYM,Cowley,
CWT,Cowra,
CXB,Cox's Bazar,
GXQ,Coyhaique,
CZM,Cozumel,
CDO,Cradock,
CRA,Craiova,
YXC,Cranbrook,
RAV,Cravo Norte,
CSF,Creil,
CEC,Crescent City,
CKI,Croker Island,
YCR,Cross Lake,
CRV,Crotone,
CZS,Cruzeiro do Sul,
FXO,Cuamba,
CUC,Cucuta,
CUY,Cue,
CUE,Cuenca,
CVJ,Cuernavaca,
CGB,Cuiaba,
CUL,Culiacan,
CUM,Cumana,
CUF,Cuneo,
CUR,Curacao,
CWB,Curitiba,
CYU,Cuyo,
CUZ,Cuzco,
DLI,Da Lat,
DAD,Da Nang,
GOI,Dabolim (Goa),
DTE,Daet,
DKR,Dakar,
DAK,Dakhla,
DBA,Dalbandin,
DLC,Dalian,
DAL,Dallas,
DFW,Dallas-Fort Worth,
DJO,Daloa,
DAM,Damascus,
DMM,Dammam,
DDG,Dandong,
DNP,Dang,
DAR,Dar-Es-Salaam,
DAP,Darchula,
DRW,Darwin,
DAT,Datong,
YDN,Dauphin,
DVO,Davao,
DAV,David,
DWD,Dawadmi,
TVY,Dawei,
YDA,Dawson,
YDQ,Dawson Creek,
DAY,Dayton,
DAB,Daytona Beach,
SCC,Deadhorse,
LGI,Deadman's Cay,
YDL,Dease Lake,
DOL,Deauville,
DBM,Debre Marcos,
DBT,Debre Tabor,
DEB,Debrecen,
DEC,Decatur,
DGU,Dedougou,
YDF,Deer Lake,
YVZ,Deer Lake,
DED,Dehradun (Uttrakhand),
DEZ,Deir Zzor,
YWJ,Deline,
DEM,Dembi Dollo,
DNO,Deniliquin,
DEI,Denis Island,
DNZ,Denizli,
DPS,Denpasar,
DEN,Denver,
DEA,Dera Ghazi Khan,
DSK,Dera Ismail Khan,
DRB,Derby,
LDY,Derry,
DSM,Des Moines,
ILP,Des Pins Is.,
DES,Desroches,
DSE,Dessie,
DTW,Detroit,
DPO,Devonport,
DAC,Dhaka,
DHI,Dhangadhi,
DIN,Dien Bien Phu,
DPE,Dieppe,
YDG,Digby,
DIJ,Dijon,
DIL,Dili,
DLG,Dillingham,
DMU,Dimapur (Nagaland),
DIM,Dimbokro,
DNR,Dinard,
DNX,Dinder,
DPL,Dipolog,
DIR,Dire Dawa,
DRN,Dirranbandi,
DIY,Diyarbakir,
DJM,Djambala,
DJG,Djanet,
DJE,Djerba,
JIB,Djibouti,
DNK,Dnipropetrovsk,
DOD,Dodoma,
DOH,Doha,
YDO,Dolbeau-St-Methode,
DLE,Dole,
DIS,Dolisie,
DOP,Dolpa,
DOK,Donetsk,
DOG,Dongola,
DOR,Dori,
DTM,Dortmund,
DHN,Dothan,
DLA,Douala,
DRK,Drake Bay,
DRS,Dresden,
YHD,Dryden,
DSC,Dschang,
DUJ,DuBois,
DXB,Dubai,
DBO,Dubbo,
DUB,Dublin,
DBV,Dubrovnik,
DBQ,Dubuque,
DLH,Duluth,
DGT,Dumaguete,
DUN,Dundas,
DND,Dundee,
DUD,Dunedin,
DNH,Dunhuang,
DGO,Durango,
DRO,Durango,
DZO,Durazno,
VIR,Durban,
DUR,Durban,
DYU,Dushanbe,
DUS,Dusseldorf,
DWA,Dwangwa,
DYA,Dysart,
EGE,Eagle,
YXR,Earlton,
ELS,East London,
EMA,East Midlands,
ZEM,Eastmain River,
EAU,Eau Claire,
EBW,Ebolowa,
ECH,Echuca,
EDI,Edinburgh,
YXD,Edmonton,
YEG,Edmonton,
YET,Edson,
EGS,Egilsstaair,
MYJ,Ehime,
HCM,Eil,
ETH,Eilat,
EIY,Ein Yahav,
AAC,El Arish,
EBG,El Bagre,
ELB,El Banco,
EBM,El Borma,
EOR,El Dorado,
ELF,El Fasher,
ELG,El Golea,
VDE,El Hierro,
UVL,El Kharga,
NUD,El Nahud,
EBD,El Obeid,
ELU,El Oued,
ELP,El Paso,
ESR,El Salvador,
ELT,El Tor,
VIG,El Vigia,
EYP,El Yopal,
EZS,Elazig,
ELC,Elcho Island,
EDL,Eldoret,
EYS,Eliye Springs,
EKO,Elko,
YEL,Elliot Lake,
ELM,Elmira,
EOZ,Elorza,
EME,Emden,
EMD,Emerald,
EMG,Empangeni,
ENO,Encarnacion,
ENT,Enewetak Atoll,
ENK,Enniskillen,
ENF,Enontekio,
ENS,Enschede,
EBB,Entebbe,
ENU,Enugu,
EPL,Epinal,
ERH,Er Rachidia,
ERF,Erfurt,
ERI,Erie,
ERA,Erigavo,
ERC,Erzincan,
ERZ,Erzurum,
EBJ,Esbjerg,
IFN,Esfahan,
EKT,Eskilstuna,
AOE,Eskisehir,
EPR,Esperance,
EQS,Esquel,
ESS,Essen,
MEB,Essendon North,
YEN,Estevan,
EUG,Eugene,
YEU,Eureka,
EVV,Evansville ,
EVE,Evenes,
EVX,Evreux,
EWO,Ewo,
EXT,Exeter,
LEA,Exmouth,
EZE,Ezeiza,
FGD,F'derik,
FAE,FAROE,
FNG,Fada N'Gourma,
VDB,Fagernes,
HOR,Faial Island (Horta),
FAI,Fairbanks,
YCZ,Fairmont Hot Springs,
LYP,Faisalabad,
FBD,Faizabad,
FAJ,Fajardo,
RVA,Farafangana,
FAH,Farah,
FAA,Faranah,
FAR,Fargo,
FMN,Farmington,
FAB,Farnborough,
ZFA,Faro,
FAO,Faro,
KIR,Farranfore,
FAN,Farsund,
FYT,Faya Largeau,
XNA,Fayetteville,
FAY,Fayetteville,
GRZ,Feldkirchen,
FEK,Ferkessedougou,
FEZ,Fes,
WFI,Fianarantsoa,
FCB,Ficksburg,
FSC,Figari,
FZO,Filton,
FNH,Fincha,
FIZ,Fitzroy Crossing,
FLG,Flagstaff,
YFO,Flin Flon,
FLS,Flinders Island,
FNT,Flint,
FLO,Florence,
FLR,Florence (Firenze),
FLA,Florencia,
FRS,Flores,
FLW,Flores Island,
FLN,Florianopolis,
FRO,Floro,
FOG,Foggia,
ZFD,Fond-Du-Lac,
FRB,Forbes,
FDE,Forde,
FRL,Forl,
FMA,Formosa,
FOS,Forrest,
FLL,Fort Lauderdale,
RSW,Fort Myers,
FSM,Fort Smith,
FWA,Fort Wayne,
FOR,Fortaleza,
FOU,Fougamou,
FOM,Foumban,
IGU,Foz do Iguacu,
MVB,Franceville,
RAI,Francisco Mendes,
FRW,Francistown,
FRA,Frankfurt,
YFC,Fredericton,
FPO,Freeport,
FNA,Freetown,
FRK,Fregate Island,
FAT,Fresno,
FIG,Fria,
FHR,Friday Harbor,
FDH,Friedrichshafen,
YFA,Ft Albany,
YPY,Ft Chipewyan,
FDF,Ft De France,
YAG,Ft Frances,
YGH,Ft Good Hope,
YFH,Ft Hope,
YJF,Ft Liard,
YMM,Ft Mc Murray,
ZFM,Ft Mc Pherson,
YYE,Ft Nelson,
ZFN,Ft Norman,
YFR,Ft Resolution,
YER,Ft Severn,
YFS,Ft Simpson,
YSM,Ft Smith,
YXJ,Ft St John,
FUE,Fuerteventura,
FJR,Fujairah,
FKJ,Fukui,
FUK,Fukuoka,
KKJ,Fukuoka,
FKS,Fukushima,
FUN,Funafuti,
FNC,Funchal,
FFU,Futaleufu,
FUG,Fuyang,
FYN,Fuyun,
FOC,Fuzhou,
GBE,Gaborone,
GAF,Gafsa,
GNV,Gainesville,
GOY,Gal Oya,
GLK,Galcaio,
GAL,Galena,
GEV,Gallivare,
GMB,Gambella,
GAN,Gan Island,
GDJ,Gandajika,
YQX,Gander,
GAW,Gantgaw,
KOW,Ganzhou,
GAQ,Gao,
GAT,Gap,
GRG,Gardez,
GSR,Gardo,
GAS,Garissa,
GOU,Garoua,
MRQ,Gasan,
YGP,Gaspe,
ELQ,Gassim,
YND,Gatineau,
GVX,Gavle-Sandviken,
GAY,Gaya (Bihar),
GZT,Gaziantep,
GZP,Gazipasa,
BDT,Gbadolite,
GBK,Gbangbatoke,
GDN,Gdansk,
GSU,Gedaref,
DLD,Geilo,
GMA,Gemena,
EGN,Geneina,
GPO,General Pico,
GES,General Santos,
GVA,Geneva,
GOA,Genoa (Genova),
GRJ,George,
GEO,Georgetown,
GET,Geraldton,
YGQ,Geraldton,
GNZ,Ghanzi,
GHA,Ghardaia,
GNN,Ghinnir,
GIB,Gibraltar,
GIL,Gilgit,
YGX,Gillam,
GCC,Gillette,
YGM,Gimli,
GIR,Girardot,
GRO,Girona,
GIS,Gisborne,
GYI,Gisenyi,
GID,Gitega,
GIY,Giyani,
GIZ,Gizan,
YHK,Gjoa Haven,
GLT,Gladstone,
GLA,Glasgow,
PIK,Glasgow,
GLI,Glen Innes,
GTN,Glentanner,
GOB,Goba,
YGO,Gods Lake Narrows,
ZGI,Gods River,
GYN,Goiania,
GLL,Gol,
GLF,Golfito,
GOQ,Golmud,
GOM,Goma,
GME,Gomel,
GDQ,Gonder,
YYR,Goose Bay,
GOP,Gorakhpur (Uttar Pradesh),
GOR,Gore,
YZE,Gore Bay,
GKH,Gorkha,
GOZ,Gorna Oryahovitsa,
GKA,Goroka,
XGG,Gorom-Gorom,
GSE,Goteborg,
GOT,Goteborg,
GUL,Goulburn,
GUD,Goundam,
GHB,Governor's Harbour,
GRW,Graciosa Island,
GFN,Grafton,
GRX,Granada,
TFS,Granadilla de Abona,
BBV,Grand Bereby,
GCM,Grand Cayman,
GCJ,Grand Central,
ZGF,Grand Forks,
GFK,Grand Forks,
GJT,Grand Junction,
GRR,Grand Rapids,
GDT,Grand Turk I.,
GBJ,Grand-Bourg,
YQU,Grande Prairie,
DSD,Grande-Anse,
GFR,Granville,
NIA,Grassfield,
GBZ,Great Barrier,
GGT,Great Exuma Island,
GTF,Great Falls,
GHC,Great Harbour Cay,
GRB,Green Bay,
GSO,Greensboro,
SNI,Greenville,
PGV,Greenville,
YZX,Greenwood,
GSP,Greer,
GNB,Grenoble,
FMO,Greven,
GMN,Greymouth,
GFF,Griffith,
YGZ,Grise Fiord,
GNA,Grodno,
GRQ,Groningen-Eelde,
GTE,Groote Eylandt,
GFY,Grootfontein,
GRS,Grosseto,
GDL,Guadalajara,
GUM,Guam,
GUQ,Guanare,
CAN,Guangzhou,
GAO,Guantanamo,
GPL,Guapiles,
GDO,Guasdualito,
GUA,Guatemala City,
GYE,Guayaquil,
GYA,Guayaramerin,
GYM,Guaymas,
GCI,Guernsey,
GUB,Guerrero Negro,
GGO,Guiglo,
KWL,Guilin,
GUI,Guiria,
SAA,Guiuan,
KWE,Guiyang,
GPT,Gulfport,
ULU,Gulu,
GUH,Gunnedah,
GUC,Gunnison,
URY,Gurayat,
GAU,Guwahati (Assam),
GWA,Gwa,
GWD,Gwadar,
GWL,Gwalior (Madhya Pradesh),
GWE,Gweru,
KVD,Gyandzha,
QGY,Gyor-Per,
HPA,Ha'apai-Lifuka Island,
HAS,Ha'il,
HGR,Hagerstown,
HFS,Hagfors,
HHN,Hahn,
HPH,Hai Phong,
HFA,Haifa,
HAK,Haikou,
HLD,Hailar,
SUN,Hailey,
YHT,Haines Junction,
YHZ,Halifax,
YAW,Halifax,
YUX,Hall Beach,
HCQ,Halls Creek,
HAD,Halmstad,
HDM,Hamadan,
HMR,Hamar,
XFW,Hamburg,
HAM,Hamburg,
HMI,Hami,
HLT,Hamilton,
BDA,Hamilton,
YHM,Hamilton,
HLZ,Hamilton,
HTI,Hamilton Island,
HFT,Hammerfest,
HNM,Hana,
CMX,Hancock,
HGH,Hangzhou,
HAQ,Hanimaadhoo Island,
HAJ,Hannover,
HAN,Hanoi,
HZG,Hanzhong,
HRE,Harare,
HRB,Harbin,
HRL,Harlingen,
CPA,Harper,
MDT,Harrisburg,
HRS,Harrismith,
HME,Hassi Messaoud,
HGS,Hastings,
HAA,Hasvik,
HDY,Hat Yai / Songkhla,
HTZ,Hato Corozal,
PIB,Hattiesburg,
HAU,Haugesund,
HAV,Havana,
HAW,Haverfordwest,
YGV,Havre St-Pierre,
HXX,Hay,
YHY,Hay River,
HDN,Hayden,
YHF,Hearst,
HFE,Hefei,
HEH,Heho,
HEK,Heihe,
HLN,Helena,
HGL,Helgoland,
HEM,Helsinki,
HEL,Helsinki - Vantaa,
HMV,Hemavan,
HNY,Hengyang,
HER,Heraklion (Iraklion),
HEA,Herat,
HMO,Hermosillo,
HVB,Hervey Bay,
YOJ,High Level,
ZHP,High Prairie,
ITO,Hilo,
HIL,Hilongos,
HXD,Hilton Head Island,
HIJ,Hiroshima,
HLW,Hluhluwe,
SGN,Ho Chi Minh City,
HOD,Hodeidah,
HDS,Hoedspruit,
LNZ,Hoersching,
HOQ,Hof,
HFN,Hofn,
HET,Hohhot,
HKK,Hokitika,
SHB,Hokkaido,
KUH,Hokkaido,
CTS,Hokkaido,
MMB,Hokkaido,
RIS,Hokkaido,
AKJ,Hokkaido,
MBE,Hokkaido,
RBJ,Hokkaido,
HKD,Hokkaido,
WKJ,Hokkaido,
OBO,Hokkaido,
OIR,Hokkaido,
HOA,Hola,
HOG,Holguin,
YHI,Holman,
HOM,Homer,
HOX,Hommalin,
HUQ,Hon,
HKG,Hong Kong,
HIR,Honiara,
HVG,Honningsvag,
HNL,Honolulu,
YHE,Hope,
YHO,Hopedale,
HTU,Hopetoun,
HID,Horn Island,
YHN,Hornepayne,
HSM,Horsham,
HTN,Hotan,
HLU,Houailou,
EFD,Houston,
HOU,Houston,
IAH,Houston,
PAA,Hpa-An,
PPU,Hpapun,
HHQ,Hua Hin / Prachuap Khiri Khan,
NOV,Huambo,
TXN,Huangshan,
HYN,Huangyan,
HUU,Huanuco,
HUX,Huatulco,
HUV,Hudiksvall,
YHB,Hudson Bay,
YNH,Hudson's Hope,
HUI,Hue,
HUG,Huehuetenango,
HLF,Hultsfred,
HUE,Humera,
HTS,Huntington,
HSV,Huntsville,
HRG,Hurghada,
HWN,Hwange,
WKI,Hwange,
HYA,Hyannis,
HDD,Hyderabad,
HYD,Hyderabad (Andhra Pradesh),
UKB,Hyogo,
ITM,Hyogo,
HYV,Hyvinkaa,
IAS,Iasi,
IBA,Ibadan,
IBE,Ibague,
IBP,Iberia,
IBZ,Ibiza,
ICA,Icabaru,
IDA,Idaho Falls,
IDF,Idiofa,
IDB,Idre,
YGT,Igloolik,
ZUC,Ignace,
IHO,Ihosy,
JIK,Ikaria,
IKL,Ikela,
ILK,Ilaka,
IDY,Ile d'Yeu,
PFR,Ilebo,
YGR,Iles-De-La-Madeleine,
ILF,Ilford,
IOS,Ilheus,
IGN,Iligan,
ILO,Iloilo,
ILR,Ilorin,
JAV,Ilulissat (Jakobshavn),
IMB,Imbaimadai,
IMP,Imperatriz,
IPL,Imperial,
ION,Impfondo,
IMF,Imphal (Manipur),
INF,In Guezzam,
INZ,In Salah,
ICN,Incheon,
IND,Indianapolis,
IDR,Indore (Madhya Pradesh),
INH,Inhambane,
INN,Innsbruck,
INO,Inongo,
INL,Intl Falls,
YPH,Inukjuak,
YEV,Inuvik,
IVC,Invercargill,
IVR,Inverell,
NNR,Inverin,
INV,Inverness,
IYK,Inyokern,
IOA,Ioannina,
IPI,Ipiales,
IPE,Ipil,
IPH,Ipoh,
YFB,Iqaluit,
IQQ,Iquique,
IQT,Iquitos,
IRI,Iringa,
IKT,Irkutsk,
IFJ,Isafj,
NTQ,Ishikawa,
IRP,Isiro-Matari,
PVA,Isla Providencia,
CPX,Isla de Culebra,
VQS,Isla de Vieques,
SZJ,Isla de la Juventud,
ISB,Islamabad,
YIV,Island Lake,
ILY,Islay,
IOM,Isle of Man,
ISP,Islip,
ISE,Isparta,
IST,Istanbul,
ITH,Ithaca,
OBY,Ittoqqortoormiit (Scoresbysund),
IVL,Ivalo,
IFO,Ivano-Frankivsk,
YIK,Ivujivik,
HNA,Iwate,
ZIH,Ixtapa-Zihuatanejo,
ADB,Izmir,
JLR,Jabalpur (Madhya Pradesh),
JAN,Jackson,
JAC,Jackson,
JAX,Jacksonville,
OAJ,Jacksonville,
JAK,Jacmel,
JAF,Jaffna,
JAI,Jaipur (Rajasthan),
JSA,Jaisalmer (Rajasthan),
HLP,Jakarta,
JAA,Jalalabad,
JAL,Jalapa (Xalapa),
JHW,Jamestown,
IXJ,Jammu (Jammu & Kashmir),
JGA,Jamnagar (Gujarat),
IXW,Jamshedpur (Jharkhand),
JKR,Janakpur,
JAD,Jandakot,
JQE,Jaque,
JAU,Jauja,
DJJ,Jayapura,
JED,Jeddah,
ZJG,Jenpeg,
JEE,Jeremie,
XRY,Jerez de la Frontera,
JER,Jersey,
JSR,Jessore,
JMU,Jiamusi,
GJL,Jijel,
JIL,Jilin,
JIM,Jimma,
TNA,Jinan,
JDZ,Jingdezhen,
JHG,Jinghong,
JNG,Jining,
JIN,Jinja,
JNZ,Jinzhou,
JIU,Jiujiang,
CHW,Jiuquan,
JIW,Jiwani,
JPA,Joao Pessoa,
JDH,Jodhpur (Rajasthan),
JOE,Joensuu,
JNB,Johannesburg,
QRA,Johannesburg,
JST,Johnstown,
JHB,Johor Bahru,
JOI,Joinville,
JOL,Jolo,
JMO,Jomsom,
JKG,Jonkoping,
JLN,Joplin,
JRH,Jorhat (Assam),
JOS,Jos,
JJI,Juanjui,
JUB,Juba,
JUI,Juist,
JUL,Juliaca,
JUM,Jumla,
JNU,Juneau,
JWA,Jwaneng,
JYV,Jyvaskylan,
KDO,Kaadedhdhoo Island,
KBA,Kabala,
KBO,Kabalo,
KBN,Kabinda,
KBL,Kabul,
CDP,Kadapa (Andhra Pradesh),
KAD,Kaduna,
KED,Kaedi,
TAK,Kagawa,
RNJ,Kagoshima,
TNE,Kagoshima,
TKN,Kagoshima,
KKX,Kagoshima,
KOJ,Kagoshima,
ASJ,Kagoshima,
KUM,Kagoshima,
OKE,Kagoshima,
KCM,Kahramanmaras,
OGG,Kahului,
KKO,Kaikohe,
KBZ,Kaikoura,
IXH,Kailashahar (Tripura),
KOA,Kailua / Kona,
KAT,Kaitaia,
KAJ,Kajaani,
KLB,Kalabo,
KLX,Kalamata,
AZO,Kalamazoo,
FMI,Kalemie,
KGI,Kalgoorlie,
KLO,Kalibo,
KLY,Kalima,
KGD,Kaliningrad,
GPI,Kalispell,
KLR,Kalmar,
FER,Kalokol,
KAR,Kamarang,
KME,Kamembe,
KMN,Kamina,
KAC,Kamishly,
YKA,Kamloops,
KGA,Kananga,
KDH,Kandahar,
KDC,Kandi,
IXY,Kandla (Gujarat),
QPW,Kangaatsiaq,
SFJ,Kangerlussuaq (Sondre Stromfjord),
XGR,Kangiqsualujjuaq,
YWB,Kangiqsujuaq,
YKG,Kangirsuk,
KAG,Kangnung,
DHM,Kangra (Himachal Pradesh),
KNM,Kaniama,
KNN,Kankan,
KAN,Kano,
KNU,Kanpur (Uttar Pradesh),
MCI,Kansas City,
XKA,Kantchari,
KHM,Kanti,
KHH,Kaohsiung City,
KLC,Kaolack,
KMZ,Kaoma,
KAP,Kapanga,
YYU,Kapuskasing,
KHI,Karachi,
KGF,Karaganda,
KRY,Karamay,
KRM,Karanambo,
KDL,Kardla,
KAB,Kariba,
KLV,Karlovy Vary,
KSK,Karlskoga,
KSD,Karlstad,
KGJ,Karonga,
AOK,Karpathos,
KTA,Karratha,
KSY,Kars,
KRB,Karumba,
KRP,Karup,
ZKB,Kasaba Bay,
XKS,Kasabonika,
KAA,Kasama,
BBK,Kasane,
KEC,Kasenga,
KSE,Kasese,
ZKE,Kashechewan,
KHG,Kashgar (Kashi),
ZKP,Kasompe,
KGN,Kasongo,
KSJ,Kasos (Kassos),
KSL,Kassala,
KZS,Kastelorizo,
KSO,Kastoria,
KBQ,Kasungu,
KTM,Kathmandu,
MPA,Katima Mulilo,
KTO,Kato,
KHJ,Kauhajoki,
KAU,Kauhava,
MKK,Kaunakakai,
QKX,Kautokeino,
KVA,Kavala,
KAV,Kavanayen,
VRO,Kawama,
KAW,Kawthoung,
KYS,Kayes,
ASR,Kayseri,
KZN,Kazan,
ABK,Kebri Dehar,
KGG,Kedougou,
KMP,Keetmanshoop,
EFL,Kefalonia,
KEF,Keflavik,
KEE,Kelle,
YLW,Kelowna,
KES,Kelsey,
KEJ,Kemerovo,
KEM,Kemi,
KPS,Kempsey,
ENA,Kenai,
KDI,Kendari,
KEN,Kenema,
KET,Kengtung,
KNZ,Kenieba,
YQK,Kenora,
KRA,Kerang,
KEY,Kericho,
KKE,Kerikeri,
KER,Kerman,
KSH,Kermanshah,
KTE,Kerteh,
IXK,Keshod (Gujarat),
PDG,Ketaping / Padang,
KTN,Ketchikan,
YKJ,Key Lake,
EYW,Key West,
KHV,Khabarovsk,
HJR,Khajuraho (Madhya Pradesh),
KHK,Khark Island,
HRK,Kharkiv,
KRT,Khartoum,
KHS,Khasab,
USM,Kho Samui (Ko Samui),
KKC,Khon Kaen,
KHD,Khoram Abad,
KHT,Khost,
LBD,Khudzhand,
KDD,Khuzdar,
KWH,Khwahan,
KHW,Khwai River,
KEL,Kiel,
IEV,Kiev,
KBP,Kiev,
KFA,Kiffa,
KGL,Kigali,
TKQ,Kigoma,
KKW,Kikwit,
ILU,Kilaguni,
JRO,Kilimanjaro,
GRK,Killeen,
KIY,Kilwa Masoko,
KIM,Kimberley,
KNJ,Kindamba,
YKY,Kindersley,
KND,Kindu,
KNS,King Island (Currie),
HBT,King Khaled Military City,
AKN,King Salmon,
KGY,Kingaroy,
KGC,Kingscote,
YGK,Kingston,
KIN,Kingston,
HUY,Kingston upon Hull,
FIH,Kinshasa,
NLO,Kinshasa,
KKN,Kirkenes,
YKX,Kirkland Lake,
KOI,Kirkwall,
KVX,Kirov,
KRN,Kiruna,
KRE,Kirundo,
FKI,Kisangani,
KIH,Kish Island,
KMU,Kisimayu,
KSI,Kissidougoui,
KIS,Kisumu,
KTL,Kitale,
YKF,Kitchener,
KTQ,Kitee,
KTT,Kittila,
KIW,Kitwe,
KLU,Klagenfurt,
LMT,Klamath Falls,
KLZ,Kleinsee,
KXE,Klerksdorp,
KYE,Kleyate,
NOC,Knock,
TYS,Knoxville,
KCZ,Kochi,
COK,Kochi (Kerala),
ADQ,Kodiak,
KOK,Kokkola,
KDA,Kolda,
KLH,Kolhapur (Maharashtra),
CCU,Kolkata (West Bengal),
CGN,Koln (Cologne),
KWZ,Kolwezi,
KOF,Komatipoort,
KNQ,Kone,
KOO,Kongolo,
KYA,Konya,
HGO,Korhogo,
KRL,Korla,
ROR,Koror,
KJK,Kortrijk,
KGS,Kos,
KSC,Kosice,
KSA,Kosrae I,
KSN,Kostanay,
KST,Kosti,
KTU,Kota (Rajasthan),
KBR,Kota Bharu,
BKI,Kota Kinabalu,
KLI,Kotakoli,
KSZ,Kotlas,
OTZ,Kotzebue,
KOC,Koumac,
SBI,Koundara,
KTX,Koutiala,
KWM,Kowanyama,
KZI,Kozani,
CCJ,Kozhikode (Kerala),
KBV,Krabi,
KRK,Krakow,
KRF,Kramfors,
KRR,Krasnodar,
KJA,Krasnoyarsk,
KBI,Kribi,
KRS,Kristiansand,
KID,Kristianstad,
KSU,Kristiansund,
KWG,Krivoi Rog,
KUL,Kuala Lumpur,
SZB,Kuala Lumpur,
TGG,Kuala Terengganu,
KUA,Kuantan,
AKF,Kufra,
YCO,Kugluktuk,
SVP,Kuito,
KUS,Kulusuk,
KMJ,Kumamoto,
KMS,Kumasi,
UND,Kunduz,
KMG,Kunming,
KUV,Kunsan,
KNX,Kununurra,
KUO,Kuopio (Toivala),
KOE,Kupang,
KCA,Kuqa,
URE,Kuressaare,
KMH,Kuruman,
YVP,Kuujjuaq,
YGW,Kuujjuarapik,
KAO,Kuusamo,
KWI,Kuwait,
KWA,Kwajalein Atoll,
KWJ,Kwangju,
KYP,Kyaukpyu,
KIT,Kythira (Kithira),
KYZ,Kyzyl,
LCE,La Ceiba,
LSE,La Crosse,
LEZ,La Esperanza,
FON,La Fortuna,
LFR,La Fria,
GMZ,La Gomera,
YGL,La Grande Riviere,
TFN,La Laguna,
SPC,La Palma,
LPB,La Paz,
LAP,La Paz,
LPD,La Pedrera,
IRJ,La Rioja,
EDM,La Roche sur Yon,
LRH,La Rochelle,
LRM,La Romana,
YVC,La Ronge,
LSC,La Serena,
YLQ,La Tuque,
RLG,Laage,
LBS,Labasa,
LBY,Labaule-Escoublac,
LEK,Labe,
LBU,Labuan I,
XLB,Lac Brochet,
YLB,Lac La Biche,
LAY,Ladysmith,
LAE,Lae,
LAF,Lafayette,
LFT,Lafayette,
LOS,Lagos,
LCO,Lague,
LDU,Lahad Datu,
LHE,Lahore,
LHA,Lahr,
LTC,Lai,
LCH,Lake Charles,
LKY,Lake Manyara,
LKL,Lakselv,
LLI,Lalibella,
LBQ,Lambarene,
SUF,Lamezia Terme,
LDN,Lamidada,
LPT,Lampang,
LMP,Lampedusa,
LAU,Lamu/Manda,
LNY,Lanai City,
LNS,Lancaster,
SDB,Langebaanweg,
LGK,Langkawi I.,
LAI,Lannion,
YLH,Lansdowne House,
HLA,Lanseria,
LAN,Lansing,
LHW,Lanzhou,
ZGC,Lanzhou,
LAO,Laoag,
LPP,Lappeenranta,
LRD,Laredo,
LCA,Larnaca,
LPA,Las Palmas,
VTU,Las Tunas,
LAS,Las Vegas,
VGT,Las Vegas,
LSH,Lashio,
LTL,Lastourville,
LTK,Latakia,
QLT,Latina,
LBE,Latrobe,
LST,Launceston,
LVA,Laval,
LVP,Lavan Island,
LWY,Lawas,
LAW,Lawton ,
LZC,Lazaro Cardenas,
CTT,Le Castellet,
LEH,Le Havre,
LME,Le Mans,
LPY,Le Puy,
LTQ,Le Touquet,
YLR,Leaf Rapids,
LCC,Lecce,
LGP,Legazpi,
IXL,Leh (Jammu & Kashmir),
LGH,Leigh Creek,
LER,Leinster,
LEJ,Leipzig,
SRP,Leirvik,
LKN,Leknes,
LEY,Lelystad,
LXS,Lemnos (Limnos),
BJX,Leon,
LEN,Leon,
SYC,Leon Velarde,
LNO,Leonora,
LRB,Leribe,
LWK,Lerwick,
SCS,Lerwick,
YQL,Lethbridge,
LTM,Lethem,
LET,Leticia,
LWS,Lewiston,
LEX,Lexington,
LXA,Lhasa,
LYG,Lianyungang,
LIE,Libenge,
LIR,Liberia,
LBV,Libreville,
VXC,Lichinga,
LDK,Lidkoping,
LGG,Liege,
LPX,Liepaja,
LIF,Lifou,
LHG,Lightning Ridge,
LIH,Lihue,
LJG,Lijiang,
LIX,Likoma,
LIL,Lille,
LLW,Lilongwe,
LLY,Liloy,
LIM,Lima-Callao,
LMR,Lime Acres,
LIG,Limoges,
LIO,Limon,
ZLR,Linares,
LNK,Lincoln,
LDI,Lindi,
LPI,Linkoping,
LIQ,Lisala,
LSY,Lismore,
ZGR,Little Grand Rapids,
LIT,Little Rock,
LZH,Liuzhou,
LPL,Liverpool,
LVI,Livingstone,
LJU,Ljubljana,
YLL,Lloydminster,
IRG,Lockhart River,
LJA,Lodja,
LOK,Lodwar,
LCJ,Lodz,
LOE,Loei,
RJL,Logrono,
LIW,Loikaw,
LFW,Lome,
YXU,London,
STN,London,
BQH,London,
LCY,London,
LGW,London,
LHR,London,
LTN,London,
LDB,Londrina,
LGB,Long Beach,
SML,Long Island,
LRE,Longreach,
GGG,Longview,
LYR,Longyearbyen,
LDH,Lord Howe Island,
LTO,Loreto,
LRT,Lorient,
LOB,Los Andes,
LSQ,Los Angeles,
LAX,Los Angeles,
SJD,Los Cabos,
LSL,Los Chiles,
LMM,Los Mochis,
LCD,Louis Trichardt,
SDF,Louisville,
LOY,Loyangalani,
LAD,Luanda,
LXG,Luang Namtha,
LPQ,Luang Prabang,
LBX,Lubang,
SDD,Lubango,
LBB,Lubbock,
LBC,Lubeck,
FBM,Lubumbashi,
LCV,Lucca,
LKO,Lucknow (Uttar Pradesh),
LUD,Luderitz,
LUH,Ludhiana (Punjab),
LUO,Luena,
LUG,Lugano,
SON,Luganville,
LZA,Luiza,
LUA,Lukla,
LXU,Lukulu,
LLA,Lulea,
LUB,Lumid Pau,
LYA,Luoyang,
LZI,Luozi,
LUN,Lusaka,
LBO,Lusambo,
LUS,Lusanga,
LUX,Luxembourg,
LXR,Luxor,
LWO,Lviv,
LYC,Lycksele,
LYX,Lydd,
LYH,Lynchburg,
YYL,Lynn Lake,
LYS,Lyon,
LYN,Lyon,
SSY,M'banza Congo,
MCM,MONACO,
MST,Maastricht,
MCP,Macapa,
MRR,Macara,
XMS,Macas,
MFM,Macau,
MCZ,Maceio,
MCA,Macenta,
MCH,Machala,
MKY,Mackay,
MCN,Macon,
MAG,Madang,
MSN,Madison,
MAD,Madrid,
TOJ,Madrid,
IXM,Madurai (Tamil Nadu),
HGN,Mae Hong Son,
MAQ,Mae Sot,
MFC,Mafeteng,
MFA,Mafia,
MBD,Mafikeng,
GDX,Magadan,
MGN,Magangue,
GDG,Magdagachi,
MGD,Magdalena,
CSO,Magdeburg,
MQF,Magnitogorsk,
MWQ,Magway,
MJN,Mahajanga,
VVB,Mahanoro,
MHA,Mahdia,
MRX,Mahshahr,
MCJ,Maicao,
MIU,Maiduguri,
MMZ,Maimama,
MXT,Maintirano,
MMO,Maio,
CCS,Maiquetia,
MAJ,Majuro Atoll,
KMK,Makabana,
UPG,Makassar,
YMN,Makkovik,
MKU,Makokou,
MKJ,Makoua,
MLP,Malabang,
SSG,Malabo,
MKZ,Malacca,
AGP,Malaga,
WML,Malaimbandy,
MAK,Malakal,
AAM,Malamala,
MEG,Malange,
LGS,Malarg,
MLX,Malatya,
LDA,Malda - English Bazar (West Bengal),
PDP,Maldonado,
MLE,Male,
LLE,Malelane,
MPT,Maliana,
MYD,Malindi,
XMC,Mallacoota,
MMX,Malmo,
MLA,Malta�,
CGM,Mambajao,
MBO,Mamburao,
MMF,Mamfe,
MJC,Man,
MDC,Manado,
MGA,Managua,
WVK,Manakara,
WMR,Mananara,
NGX,Manang,
MNJ,Mananjary,
MGU,Manaung,
MAO,Manaus,
MHT,Manchester,
MAN,Manchester,
IGS,Manching,
WMD,Mandabe,
MDL,Mandalay,
NDE,Mandera,
WMA,Mandritsara,
IXE,Mangalore (Karnataka),
XJM,Mangla,
MAI,Mangochi,
MHK,Manhattan,
MNL,Manila,
MNG,Maningrida,
YMG,Manitouwadge,
YEM,Manitowaning,
YMW,Maniwaki,
MJA,Manja,
MKT,Mankato,
MHG,Mannheim,
MNO,Manono,
MNS,Mansa,
MEC,Manta,
MTS,Manzani,
MZO,Manzanillo,
ZLO,Manzanillo,
AMO,Mao,
CDY,Mapun,
MPM,Maputo,
MDQ,Mar del Plata,
MAB,Maraba,
MAR,Maracaibo,
MFQ,Maradi,
YSP,Marathon,
MQM,Mardin,
MEE,Mare,
MRG,Mareeba,
PMV,Margarita,
MGH,Margate,
MYN,Marib,
MBX,Maribor,
MHQ,Mariehamn,
WVN,Mariensiel,
DOM,Marigot,
EBA,Marina di Campo,
MGF,Maringa,
MWA,Marion,
MQU,Mariquita,
OMM,Marmul,
WMN,Maroantsetra,
MCY,Maroochydore,
MVR,Maroua,
SAW,Marquette,
RAK,Marrakech,
RMF,Marsa Alam,
LMQ,Marsa Brega,
RBT,Marsabit,
MRS,Marseille (Marignane),
MHH,Marsh Harbour (Abaco),
MUR,Marudi,
YMH,Marys Harbour,
MTZ,Masada,
XMI,Masasi,
MBT,Masbate,
SYD,Mascot,
MSU,Maseru,
MHD,Mashhad,
MSM,Masi-Manimba,
KCU,Masindi,
MSH,Masirah,
MCW,Mason City,
ZMT,Masset,
MZX,Masslo,
MRO,Masterton,
MVZ,Masvingo,
MAT,Matadi-Tshimpi,
YNM,Matagami,
MAX,Matam,
MTA,Matamata,
MAM,Matamoros,
YME,Matane,
AMI,Mataram,
MXI,Mati,
IGA,Matthew Town,
MUN,Maturin,
MUK,Mauke,
MUB,Maun,
MRU,Mauritius,
MNU,Mawlamyine,
MYG,Mayaguana,
MAZ,Mayaguez,
YMA,Mayo,
MYB,Mayumba,
MZR,Mazar-I-Sharif,
MZT,Mazatl,
MDK,Mbandaka,
MBQ,Mbarara,
MBI,Mbeya,
MBC,Mbigou,
MJM,Mbuji-Mayi,
MFE,McAllen,
YLJ,Meadow Lake,
MES,Medan,
EOH,Medellin,
MFR,Medford,
YXH,Medicine Hat,
MED,Medina,
MKR,Meekatharra,
MVV,Megeve,
MEY,Meghauli,
MEH,Mehamn,
MKB,Mekambo,
MKS,Mekane Salam,
MQX,Mekele,
MLB,Melbourne,
MCR,Melchor de Mencos,
MLN,Melilla,
MLZ,Melo,
SNB,Melville Island,
GPN,Melville Island,
FMM,Memmingen,
MEM,Memphis,
MEN,Mende,
NDM,Mendi,
MDZ,Mendoza,
SPP,Menongue,
MAH,Menorca,
MFX,Meribel,
MID,Merida,
MRD,Merida,
MEI,Meridian,
MIM,Merimbula,
MWE,Merowe,
MUH,Mersa Matruh,
HZB,Merville,
ETE,Metema,
MZM,Metz,
ETZ,Metz (Goin),
MXL,Mexicali,
MEX,Mexico City,
MFU,Mfuwe,
MIA,Miami,
ZVA,Miandrivazo,
MAF,Midland,
MIK,Mikkeli,
MXP,Milan,
LIN,Milan,
BJV,Milas,
MQL,Mildura,
MFN,Milford Sound,
MLO,Milos,
MKE,Milwaukee,
MTT,Minatitlan,
MRV,Mineralnye Vody,
MXJ,Minna,
MSP,Minneapolis,
MOT,Minot,
MSQ,Minsk,
MHP,Minsk,
MVX,Minvoul,
MFS,Miraflores,
YCH,Miramichi,
MYY,Miri,
MJZ,Mirny (Mirnyj),
MCQ,Miskolc,
MSO,Missoula,
MVP,Mitu,
MZC,Mitzic,
MIP,Mitzpe Ramon,
SDJ,Miyagi,
KMI,Miyazaki,
MTF,Mizan Teferi,
MQN,Mo i Rana,
MOA,Moa,
MGX,Moabi,
MFF,Moanda,
BDV,Moba,
MOB,Mobile,
MZB,Mocimboa Da Praia,
MOD,Modesto,
MGQ,Mogadishu,
NWA,Moheli,
MJD,Mohenjo-daro,
MKH,Mokhotlong,
MPK,Mokpo,
MOL,Molde,
MLI,Moline,
MBA,Mombasa,
MOE,Momeik,
MMP,Mompos,
MIR,Monastir,
MGL,Monchengladbach,
LOV,Monclova,
YQM,Moncton,
MGK,Mong Tong,
MOG,Mong-Hsat,
MVO,Mongo,
MNR,Mongu,
MYZ,Monkey Bay,
MLU,Monroe,
MLW,Monrovia,
ROB,Monrovia,
YYY,Mont-Joli,
MHW,Monteagudo,
MBJ,Montego Bay,
MRY,Monterey,
MTR,Monteria,
MTY,Monterrey,
MVD,Montevideo,
MGM,Montgomery,
MCU,Montlucon-Gueret,
MPL,Montpellier,
YMX,Montreal,
YUL,Montreal,
MTJ,Montrose,
MBW,Moorabbin,
YMJ,Moose Jaw,
YMO,Moosonee,
MZI,Mopti,
MXX,Mora,
TVA,Morafenobe,
MOV,Moranbah,
MRZ,Moree,
MLM,Morelia,
MGW,Morgantown,
MXN,Morlaix,
MXM,Morombe,
MOQ,Morondava,
HAH,Moroni,
YVA,Moroni,
MYA,Moruya,
LTB,Morwell,
DME,Moscow,
SVO,Moscow,
VKO,Moscow,
CWA,Mosinee,
MJF,Mosjoen,
RYG,Moss,
MSX,Mossendjo,
OMO,Mostar,
MOM,Moudjeria,
MJL,Mouila,
MQQ,Moundou,
MON,Mount Cook,
MGB,Mount Gambier,
HGU,Mount Hagen,
ISA,Mount Isa,
WME,Mount Keith,
MMG,Mount Magnet,
MPN,Mount Pleasant,
MUY,Mouyondzi,
OYL,Moyale Lower,
MBP,Moyobamba,
MYW,Mtwara,
MDG,Mudanjiang,
DGE,Mudgee,
DLM,Mugla,
MKM,Mukah,
RIY,Mukalla,
UKR,Mukeiras,
MUX,Multan,
BOM,Mumbai (Maharashtra),
MUC,Munchen (Munich),
MUA,Munda New Georgia Island,
MJV,Murcia,
MMK,Murmansk,
MSR,Mus,
MCT,Muscat,
MKG,Muskegon,
YQA,Muskoka Lakes,
MSA,Muskrat Dam,
MUZ,Musoma,
UTA,Mutare,
MFG,Muzaffarabad,
MZU,Muzzafarpur (Bihar),
MWN,Mwadui,
MWZ,Mwanza,
MEW,Mweka,
MGZ,Myeik,
MYT,Myitkyina,
NLV,Mykolaiv,
JMK,Mykonos (Mikonos),
MYR,Myrtle Beach,
MYQ,Mysore (Karnataka),
MJT,Mytilene (Mitilini),
ZZU,Mzuzu,
NDJ,N'Djamena,
NDL,N'dele,
NGE,N'gaoundere,
NGV,N'giva,
NKY,N'kayi,
NZE,N'zerekore,
ARZ,N'zeto,
MNC,Nacala,
NCH,Nachingwea,
NAN,Nadi,
WNP,Naga / Pili,
MMJ,Nagano,
NGS,Nagasaki,
FUJ,Nagasaki,
TSJ,Nagasaki,
IKI,Nagasaki,
NAG,Nagpur (Maharashtra),
YDP,Nain,
WIL,Nairobi,
NBO,Nairobi,
EAM,Najran,
KOP,Nakhon Phanom,
NAK,Nakhon Ratchasima (Khorat),
NST,Nakhon Si Thammarat,
YQN,Nakina,
NUU,Nakuru,
NAL,Nalchik,
APL,Nampula,
NMS,Namsang,
OSY,Namsos,
NNI,Namutoni,
NNT,Nan,
YCD,Nanaimo,
KHN,Nanchang,
NAO,Nanchong,
ENC,Nancy,
NDC,Nanded (Maharashtra),
YSR,Nanisivik,
NKG,Nanjing,
NNG,Nanning,
JNN,Nanortalik,
NTE,Nantes,
ACK,Nantucket,
NNY,Nanyang,
NYK,Nanyuki,
NPE,Napier,
NAP,Naples,
APF,Naples,
NRM,Nara,
NAW,Narathiwat,
NAA,Narrabri,
NRA,Narrandera,
QRM,Narromine,
JNS,Narsaq,
UAK,Narssarssuaq,
NVK,Narvik,
NNM,Naryan-Mar,
BNA,Nashville,
NAS,Nassau,
NAT,Natal,
YNA,Natashquan,
NAE,Natitingou,
INU,Nauru Island,
SUV,Nausori,
NVT,Navegantes,
WNS,Nawabshah,
JNX,Naxos,
KDN,Ndende,
NLA,Ndola,
GXG,Negage,
VDA,Negev,
NVA,Neiva,
NEJ,Nejjo,
NEK,Nekemte,
NSN,Nelson,
NLP,Nelspruit,
EMN,Nema,
YNS,Nemiscau,
KEP,Nepalgunj,
CNP,Nerlerit Inaat,
NVS,Nevers,
NAV,Nevsehir,
EWB,New Bedford,
EWN,New Bern,
CAT,New Bight,
DEL,New Delhi (Delhi),
NHF,New Halfa,
HVN,New Haven,
MSY,New Orleans,
NPL,New Plymouth,
LGA,New York,
JFK,New York,
EWR,Newark,
SWF,Newburgh,
NTL,Newcastle,
NCS,Newcastle,
NCL,Newcastle upon Tyne,
ZNE,Newman,
PHF,Newport News,
NQY,Newquay,
ZGM,Ngoma,
CXR,Nha Trang,
GOV,Nhulunbuy,
NIM,Niamey,
LRL,Niamtougou,
ICR,Nicaro,
NCE,Nice,
ECN,Nicosia,
KIJ,Niigata,
SDS,Niigata,
NGB,Ningbo,
NIO,Nioki,
NIX,Nioro,
NIT,Niort,
INI,Nis,
NTT,Niuatoputapu,
NJC,Nizhnevartovsk,
GOJ,Nizhny Novgorod,
JOM,Njombe,
AOC,Nobitz,
OME,Nome,
NRD,Norderney,
FCN,Nordholz,
ORF,Norfolk,
NLK,Norfolk Island,
NSK,Norilsk,
YVQ,Norman Wells,
NMC,Norman's Cay,
NTN,Normanton,
NOR,Norofjorour,
NRK,Norrkoping,
YQW,North Battleford,
YYB,North Bay,
OTH,North Bend,
ELH,North Eleuthera,
IXI,North Lakhimpur (Assam),
NRL,North Ronaldsay,
ORM,Northampton,
YNE,Norway House,
NWI,Norwich,
NOM,Nosara Beach,
NOS,Nosy-Be,
NTB,Notodden,
NQT,Nottingham,
NDB,Nouadhibou,
NKC,Nouakchott,
NOU,Noumea,
GEA,Noumea,
XNU,Nouna,
QND,Novi Sad,
NOZ,Novokuznetsk,
OVB,Novosibirsk,
GER,Nueva Gerona,
LGQ,Nueva Loja,
NLD,Nuevo Laredo,
TBU,Nuku'alofa,
NUE,Nurnberg (Nuremberg),
GOH,Nuuk (Godthab),
UYL,Nyala,
NYE,Nyeri,
OAK,Oakland,
OAM,Oamaru,
OAX,Oaxaca,
CMO,Obbia,
MKI,Obo,
OCV,Ocana,
ODE,Odense,
ODS,Odessa,
KEO,Odienne,
OHA,Ohakea,
OHD,Ohrid,
OIT,Oita,
OKF,Okaukuejo,
OKJ,Okayama,
IEJ,Okinawa,
OKA,Okinawa,
MMY,Okinawa,
KJP,Okinawa,
UEO,Okinawa,
HTR,Okinawa,
KTD,Okinawa,
OGN,Okinawa,
ISG,Okinawa,
TRA,Okinawa,
AGJ,Okinawa,
SHI,Okinawa,
MMD,Okinawa,
OKC,Oklahoma City,
OKN,Okondja,
OLB,Olbia,
YOC,Old Crow,
OMA,Omaha,
OMB,Omboue,
OMS,Omsk,
OND,Ondangwa,
ONT,Ontario,
OMR,Oradea,
ORN,Oran,
OAG,Orange,
OMD,Oranjemund,
ORP,Orapa,
RBS,Orbost,
ORB,Orebro,
REN,Orenburg,
ORJ,Orinduik,
OLA,Orland,
SFB,Orlando,
MCO,Orlando,
ORE,Orleans,
ORW,Ormara,
OMC,Ormoc,
OER,Ornskoldsvik,
OSW,Orsk,
HOV,Orsta / Volda,
ORU,Oruro,
KIX,Osaka,
OSN,Osan,
OSS,Osh,
YOO,Oshawa,
OSI,Osijek,
OSK,Oskarshamn,
OSL,Oslo - Gardermoen,
ZOS,Osorno,
OST,Ostend,
OSD,Ostersund,
OSR,Ostrava,
YRO,Ottawa,
YOW,Ottawa,
OUA,Ouagadougou,
OUG,Ouahigouya,
OFI,Ouango Fitini,
OGX,Ouargla,
OZZ,Ouarzazate,
ODY,Oudomsay,
OUH,Oudtshoorn,
OUE,Ouesso,
OUD,Oujda,
OUL,Oulunsalo,
UVE,Ouvea,
FTX,Owando,
YOS,Owen Sound,
OXF,Oxford,
YOH,Oxford House,
OXR,Oxnard,
OYE,Oyem,
OZC,Ozamis,
JFR,Paamiut (Frederikshab),
PAH,Paducah,
PAG,Pagadian,
PGA,Page,
PJA,Pajala,
PKK,Pakhokku,
PKZ,Pakse,
PAF,Pakuba,
PLF,Pala,
PKY,Palangkaraya,
PAL,Palanquero,
PLM,Palembang,
PMO,Palermo / Punta Raisi,
PSP,Palm Springs,
PMI,Palma de Mallorca,
PMZ,Palmar Sur,
PTM,Palmarito,
PMW,Palmas,
PMR,Palmerston North,
PMS,Palmyra,
OEM,Paloemeu,
PLW,Palu,
PNA,Pamplona,
PTY,Panama City,
PFN,Panama City,
QBG,Pancevo,
YXP,Pangnirtung,
PJG,Panjgur,
PNL,Pantelleria,
PGH,Pantnagar (Uttrakhand),
PPW,Papa Westray,
PFO,Paphos,
PBO,Paraburdoo,
PAJ,Parachinar,
PID,Paradise Island,
PKO,Parakou,
ORG,Paramaribo,
PRA,Parana,
PPQ,Paraparaumu,
SZW,Parchim,
PED,Pardubice,
ORY,Paris,
CDG,Paris,
LBG,Paris,
PKB,Parkersburg,
PKE,Parkes,
PMF,Parma,
EPU,Parnu,
PBH,Paro,
PAS,Paros,
PSC,Pasco,
IXT,Pasighat (Passighat),
PSI,Pasni City,
PSO,Pasto,
BSX,Pathein,
PAT,Patna (Bihar),
PFJ,Patreksfjorour,
PAN,Pattani,
PUF,Pau,
PAU,Pauk,
YPC,Paulatuk,
PDU,Paysandu,
PZA,Paz De Ariporo,
YPE,Peace River,
YPO,Peawanuck,
CBJ,Pedernales,
PKU,Pekanbaru,
PLN,Pellston,
YBB,Pelly Bay,
POL,Pemba,
PMA,Pemba,
YTA,Pembroke,
PEN,Penang I,
PDT,Pendleton,
PYE,Penrhyn Island,
PNS,Pensacola,
YYF,Penticton,
PEZ,Penza,
PIA,Peoria,
PEI,Pereira,
PGX,Perigueux,
PEE,Perm,
PGF,Perpignan,
PSL,Perth,
PEG,Perugia,
PSR,Pescara,
PEW,Peshawar,
YWA,Petawawa,
YPQ,Peterborough,
PSG,Petersburg,
PKC,Petropavlovsk - Kamchatsky,
PES,Petrozavodsk,
PWE,Pevek,
PHW,Phalaborwa,
PHL,Philadelphia,
PHS,Phitsanulok,
PNH,Phnom Penh,
PHX,Phoenix,
PRH,Phrae,
PQC,Phu Quoc,
HKT,Phuket,
YPL,Pickle Lake,
PIX,Pico Island,
PDS,Piedras Negras,
PIR,Pierre,
PZY,Piestany,
PZB,Pietermaritzburg,
PTG,Pietersburg,
YPM,Pikangikum,
PIW,Pikwitonei,
NTY,Pilanesberg,
LCL,Pinar del Rio,
QPD,Pinar del Rio Norte,
WPC,Pincher Creek,
ZPO,Pinehouse Lake,
TEY,Pingeyri,
PSA,Pisa,
PIO,Pisco,
PTX,Pitalito,
PIT,Pittsburgh,
PIU,Piura,
PXU,Pleiku,
PBZ,Plettenberg Bay,
PDV,Plovdiv,
PLH,Plymouth,
PIH,Pocatello,
TGD,Podgorica,
POD,Podor,
KPO,Pohang,
PNI,Pohnpei I,
PNR,Pointe Noire,
PTP,Pointe-a-Pitre,
YNL,Points North Landing,
PIS,Poitiers,
PKR,Pokhara,
PYJ,Polyarny (Polyarnyj),
PSE,Ponce,
YIO,Pond Inlet,
PNY,Pondicherry,
PMG,Ponta Pora,
PNK,Pontianak,
POX,Pontoise,
PPN,Popayan,
XPP,Poplar River,
TAT,Poprad,
PON,Poptun,
PBD,Porbandar (Gurajat),
POR,Pori,
AFD,Port Alfred,
CLM,Port Angeles,
PUG,Port Augusta,
WPB,Port Berge,
IXZ,Port Blair (Andaman and Nicobar Islands),
PCW,Port Clinton,
PAX,Port De Paix,
PLZ,Port Elizabeth,
POG,Port Gentil,
PHC,Port Harcourt,
YZT,Port Hardy,
YPS,Port Hawkesbury,
PHE,Port Hedland,
PKT,Port Keats,
PLO,Port Lincoln,
PQQ,Port Macquarie,
YPN,Port Menier,
POM,Port Moresby,
POS,Port Of Spain,
PPI,Port Pirie,
PSD,Port Said,
PZU,Port Sudan,
VLI,Port Vila,
PAP,Port-Au-Prince,
YPG,Portage La Prairie,
LIS,Portela,
PRM,Portimao,
PTJ,Portland,
PWM,Portland,
PDX,Portland,
OPO,Porto,
POA,Porto Alegre,
PBN,Porto Amboim,
PXO,Porto Santo Island,
BPS,Porto Seguro,
PVH,Porto Velho,
POW,Portoroz,
PVO,Portoviejo,
PSM,Portsmouth,
WPR,Porvenir,
PSS,Posadas,
YPW,Powell River,
PAZ,Poza Rica,
POZ,Poznan,
PRG,Prague,
PRI,Praslin,
SNE,Preguica,
PQI,Presque Isle,
PRY,Pretoria,
PVK,Preveza,
PRK,Prieska,
YPA,Prince Albert,
YXS,Prince George,
YPR,Prince Rupert,
PCP,Principe,
PRN,Pristina,
PRP,Propriano,
PPP,Proserpine,
PVD,Providence,
PVS,Provideniya,
PVC,Provincetown,
PKV,Pskov,
PCL,Pucallpa,
ZPC,Pucon,
PBC,Puebla,
PUU,Puerto Asis,
PYH,Puerto Ayacucho,
WPA,Puerto Aysen,
PBR,Puerto Barrios,
PBE,Puerto Berrio,
PBL,Puerto Cabello,
PUZ,Puerto Cabezas,
PCR,Puerto Carreno,
PXM,Puerto Escondido,
IGR,Puerto Iguazu,
PDA,Puerto Inirida,
PJM,Puerto Jimenez,
LQM,Puerto Leguizamo,
PEU,Puerto Lempira,
PMY,Puerto Madryn,
PEM,Puerto Maldonado,
PMC,Puerto Montt,
PNT,Puerto Natales,
POP,Puerto Plata,
PPS,Puerto Princesa,
PSZ,Puerto Suarez,
PVR,Puerto Vallarta,
WPU,Puerto Williams,
XPK,Pukatawagan,
PUY,Pula,
PUW,Pullman,
PNQ,Pune (Maharashtra),
PUN,Punia,
PUQ,Punta Arenas,
PUJ,Punta Cana,
SDQ,Punta Caucedo,
PBP,Punta Islita,
PUI,Purnia (Bihar),
PUS,Pusan,
PBU,Putao,
BEK,Puttaparthi (Andhra Pradesh),
YPX,Puvirnituq,
PWO,Pweto,
PRU,Pyay,
FNJ,Pyongyang,
KTW,Pyrzowice,
THU,Qaanaaq (Thule),
NAQ,Qaanaaq (Thule),
UNE,Qacha's Nek,
EPA,Qaisumah,
JCH,Qasigiannguit (Christiansh,
JGO,Qeqertarsuaq (Godhavn),
YVM,Qikiqtarjuaq,
TAO,Qingdao,
IQN,Qingyang,
SHP,Qinhuangdao,
NDG,Qiqihar,
KSW,Qiryat Shemona,
IHN,Qishn,
JJN,Quanzhou,
YQC,Quaqtaq,
YQB,Quebec,
ZQN,Queenstown,
UTW,Queenstown,
UEL,Quelimane,
XQP,Quepos,
QRO,Queretaro,
YQZ,Quesnel,
UET,Quetta,
AAZ,Quezaltenango,
UIH,Qui Nhon,
UIB,Quibdo,
AQB,Quiche,
ULP,Quilpie,
UIP,Quimper,
UMI,Quincemil,
UIN,Quincy,
UIO,Quito,
RBA,Rabat,
RAB,Rabaul,
BVC,Rabil,
VKG,Rach Gia,
RAH,Rafha,
RJN,Rafsanjan,
RAG,Raglan,
RYK,Rahimyar Khan,
RFP,Raiatea Island,
YOP,Rainbow Lake,
RPR,Raipur (Chhattisgarh),
RJA,Rajahmundry (Andhra Pradesh),
RJB,Rajbiraj,
RAJ,Rajkot (Gujarat),
RJH,Rajshahi,
RDU,Raleigh,
RHP,Ramechhap,
RZR,Ramsar,
QRC,Rancagua,
IXR,Ranchi (Jharkhand),
YRT,Rankin Inlet,
UNN,Ranong,
RAP,Rapid City,
RAR,Rarotonga,
RKT,Ras Al Khaimah,
RAS,Rasht,
RFN,Raufarhofn,
RAN,Ravenna,
RAZ,Rawalakot,
RDG,Reading,
REC,Recife,
RCQ,Reconquista,
YQF,Red Deer,
YRL,Red Lake,
YRS,Red Sucker Lake,
RCL,Redcliffe,
PER,Redcliffe,
RDD,Redding,
KRH,Redhill,
RDM,Redmond,
REG,Reggio Calabria,
YQR,Regina,
RHE,Reims,
RVO,Reivilo,
OTU,Remedios,
RMK,Renmark,
RNS,Rennes,
RNO,Reno,
YUT,Repulse Bay,
RES,Resistencia,
YRB,Resolute Bay,
RER,Retalhuleu,
REU,Reus,
YRV,Revelstoke,
REY,Reyes,
RKV,Reykjavik,
REX,Reynosa,
FKB,Rheinmuenster,
RHI,Rhinelander,
RHO,Rhodes (Rhodos,
RAO,Ribeirao Preto,
RIB,Riberalta,
RDT,Richard Toll,
RCB,Richards Bay,
RIC,Richmond,
RIX,Riga,
RJK,Rijeka,
RMI,Rimini,
YXK,Rimouski,
RBR,Rio Branco,
RCU,Rio Cuarto,
RGL,Rio Gallegos,
RGA,Rio Grande,
SDU,Rio de Janeiro,
GIG,Rio de Janeiro,
RCH,Riohacha,
RIJ,Rioja,
MDE,Rionegro,
RVY,Rivera,
RIW,Riverton,
YRI,Riviere-Du-Loup,
RWN,Rivne,
RUH,Riyadh,
RNE,Roanne,
ROA,Roanoke,
RTB,Roatan,
ROD,Robertson,
YRJ,Roberval,
RBC,Robinvale,
RBO,Robore,
RCO,Rochefort,
RST,Rochester,
ROC,Rochester,
RCS,Rochester,
RSD,Rock Sound,
ROK,Rockhampton,
RKD,Rockland,
YRM,Rocky Mountain House,
RDZ,Rodez,
RRG,Rodrigues,
RIM,Rodriguez De Mendoza,
RMA,Roma,
FCO,Rome,
CIA,Rome,
TRS,Ronchi dei Legionari / Trieste,
RNN,Ronne,
RNB,Ronneby,
RPM,Roper River,
RRS,Roros,
RVK,Rorvik,
ROS,Rosario,
DCF,Roseau,
RPN,Rosh-Pina,
XRR,Ross River,
RET,Rost,
ROV,Rostov-na-Donu,
ROP,Rota,
ROT,Rotorua,
RTM,Rotterdam,
RTS,Rottnest Island,
RTA,Rotuma,
URO,Rouen,
ZRJ,Round Lake,
RRK,Rourkela (Orissa),
YUY,Rouyn,
RVN,Rovaniemen,
RXS,Roxas City,
RYN,Royan,
RUV,Rubelsanto,
RHG,Ruhengeri,
RUK,Rukumkot,
RUM,Rumjatar,
NDU,Rundu,
RUP,Rupsi (Assam),
RBQ,Rurrenabaque,
RZE,Rzeszow,
VXE,S. Pedro,
SYE,Saadah,
SCN,Saarbrucken,
SAB,Saba,
QSA,Sabadell,
SNX,Sabana de la Mar,
ZPB,Sachigo Lake,
YSY,Sachs Harbour,
SMF,Sacramento,
SFI,Safi,
HSG,Saga,
MBS,Saginaw,
SPD,Saidpur,
SDT,Saidu Sharif,
SGO,Saint George,
YSJ,Saint John,
ANU,Saint John's,
LED,Saint Petersburg,
SBH,Saint-Barthelemy,
RUN,Saint-Denis,
SFC,Saint-Francois,
SFG,Saint-Martin,
SMS,Sainte-Marie,
SPN,Saipan,
SNO,Sakon Nakhon,
SID,Sal,
SLL,Salalah,
SLM,Salamanca,
SXE,Sale,
SXV,Salem (Tamil Nadu),
LMB,Salima,
SNC,Salinas,
SBY,Salisbury,
YZG,Salluit,
YSN,Salmon Arm,
SLC,Salt Lake City,
SLA,Salta,
SLW,Saltillo,
STY,Salto,
SSA,Salvador,
SZG,Salzburg,
NEU,Sam Neua,
EPS,Samana,
KUF,Samara,
SRI,Samarinda,
SKD,Samarkand,
SVB,Sambava,
UAS,Samburu South,
SMV,Samedan,
SMI,Samos,
SZF,Samsun,
SJT,San Angelo,
SAT,San Antonio,
SRJ,San Borja,
SCY,San Cristobal,
SCI,San Cristobal,
SAN,San Diego,
SSD,San Felipe,
SNF,San Felipe,
FDO,San Fernando,
SFE,San Fernando,
SFD,San Fernando De Apure,
SFO,San Francisco,
SNM,San Ignacio De Moxos,
SNG,San Ignacio De Velasco,
SJV,San Javier,
SJB,San Joaquin,
SYQ,San Jose,
SJO,San Jose,
SJI,San Jose,
EUQ,San Jose,
SJC,San Jose,
SJE,San Jose Del Guaviare,
UAQ,San Juan,
SIG,San Juan,
SJU,San Juan,
SJA,San Juan De Marcona,
SJM,San Juan de la Maguana,
LUQ,San Luis,
SBP,San Luis Obispo,
SLP,San Luis Potosi,
QSN,San Nicolas de Bari,
SPY,San Pedro,
SAP,San Pedro Sula,
AFA,San Rafael,
SRD,San Ramon,
EAS,San Sebastian,
SOM,San Tome,
BHA,San Vicente,
SVI,San Vicente Del Caguan,
SAH,Sanaa,
SDG,Sanandaj,
SDK,Sandakan,
SDN,Sandane,
TRF,Sandefjord,
SSJ,Sandnessjoen,
BBP,Sandown,
YZP,Sandspit,
ZSJ,Sandy Lake,
FEB,Sanfebagar,
YSK,Sanikiluaq,
SFQ,Sanliurfa,
SNA,Santa Ana,
SBA,Santa Barbara,
SNU,Santa Clara,
VVI,Santa Cruz,
SRZ,Santa Cruz,
SNV,Santa Elena De Uairen,
SAF,Santa Fe,
SMX,Santa Maria,
SMG,Santa Maria De Fatima,
SMA,Santa Maria Island,
SMR,Santa Marta,
RSA,Santa Rosa,
BOG,Santafe De Bogota,
SDR,Santander,
STM,Santarem,
SCL,Santiago,
ULC,Santiago,
SCU,Santiago,
STI,Santiago,
SCQ,Santiago de Compostela,
SDE,Santiago del Estero,
HEX,Santo Domingo,
STD,Santo Domingo,
JTR,Santorini (Thira),
SYX,Sanya,
SJZ,Sao Jorge Island,
SJP,Sao Jose do Rio Preto,
SLZ,Sao Luis,
PDL,Sao Miguel Island (Ponta Delgada),
CGH,Sao Paulo,
GRU,Sao Paulo,
TMS,Sao Tom,
SJJ,Sarajevo,
CKT,Sarakhs,
SRQ,Sarasota / Bradenton,
RTW,Saratov,
VNA,Saravane,
RVE,Saravena,
SRH,Sarh,
SRY,Sari,
SOB,Sarmellek,
YZR,Sarnia,
YXE,Saskatoon,
ZSS,Sassandra,
SUJ,Satu Mare,
YAM,Sault Ste Marie,
CIU,Sault Ste. Marie,
THO,Sauoanes,
SAK,Sauoarkrokur,
VHC,Saurimo,
SAV,Savannah,
ZVK,Savannakhet,
SVL,Savonlinna,
ZBY,Sayaboury,
GXF,Sayun,
YKL,Schefferville,
CMS,Scusciuban,
BFI,Seattle,
SEA,Seattle-Tacoma,
SEB,Sebha,
ZEC,Secunda,
SHK,Sehonghong,
SYW,Sehwan Sharif,
SJY,Sein,
PKW,Selebi-Phikwe,
SEY,Selibabi,
SRG,Semarang,
SOK,Semonkong,
SXG,Senanga,
SEL,Seoul,
SSN,Seoul,
YZV,Sept-Iles,
SEU,Seronera,
ZKM,Sette-Cama,
SVQ,Sevilla,
SEZ,Seychelles,
SFA,Sfax,
SWX,Shakawe,
SKR,Shakiso,
ZTM,Shamattawa,
SHA,Shanghai,
PVG,Shanghai,
SNN,Shannon,
SWA,Shantou,
SHJ,Sharjah,
GSQ,Shark El Oweinat,
SSH,Sharm El Sheikh,
SHS,Shashi,
SZE,Sheffield,
SGA,Sheghnan,
PTZ,Shell Mera,
SHE,Shenyang,
SZX,Shenzhen,
SHT,Shepparton,
YSC,Sherbrooke,
SHR,Sheridan,
LSI,Shetland Islands,
SJW,Shijiazhuang,
SHL,Shillong (Meghalaya),
IZO,Shimane,
OKI,Shimane,
IWJ,Shimane,
SLV,Shimla (Himachal Pradesh),
SHY,Shinyanga,
SYZ,Shiraz,
ESH,Shoreham-by-Sea,
SHV,Shreveport,
SIA,Siargao,
SBQ,Sibi,
SIB,Sibiti,
SBZ,Sibiu,
SII,Sidi Ifni,
SDY,Sidney,
REP,Siem Reap Cambodia,
SAY,Siena,
SIJ,Siglufjorour,
GII,Siguir,
SXZ,Siirt,
KSS,Sikasso,
IXS,Silchar (Assam),
SYM,Simao,
SIF,Simara,
SMY,Simenti,
SIP,Simferopol,
IMK,Simikot,
MPD,Sindhri Tharparkar,
SIE,Sines,
EUX,Sint Eustatius�,
SXM,Sint Maarten,
SIR,Sion,
SUX,Sioux City,
FSD,Sioux Falls,
YXL,Sioux Lookout,
SYJ,Sirjan,
SXI,Sirri Island,
SIS,Sishen,
JHS,Sisimiut (Holsteinsborg),
JSH,Sitia,
SIT,Sitka,
AKY,Sittwe,
VAS,Sivas,
KDU,Skardu,
SFT,Skelleftea,
JSI,Skiathos,
SKE,Skien,
SKP,Skopje,
KVB,Skovde,
SZK,Skukuza,
SKU,Skyros (Skiros),
YZH,Slave Lake,
SLD,Sliac,
YYD,Smithers,
YSH,Smiths Falls,
SIO,Smithton,
DWB,Soalala,
SCT,Socotra,
SOT,Sodankyl,
SXU,Soddo,
SOO,Soderhamn,
SGD,Soenderborg,
SOF,Sofia,
SOX,Sogamoso,
SOG,Sogndal,
SHO,Sokcho,
SKO,Sokoto,
SSE,Solapur (Maharashtra),
SOZ,Solenzara,
SLI,Solwezi,
SQH,Son La,
SGX,Songea,
SGZ,Songkhla,
SOJ,Sorkjosen,
SRT,Soroti,
SOE,Souanke,
SBN,South Bend,
BIM,South Bimini,
XSI,South Indian Lake,
DSA,South Yorkshire,
SOU,Southampton,
SEN,Southend-on-Sea,
SHQ,Southport,
SZA,Soyo,
SPU,Split (Trogir),
GEG,Spokane,
AXP,Spring Point (Acklins),
SBU,Springbok,
SPI,Springfield,
SGF,Springfield,
YSE,Squamish,
SXR,Srinagar (Jammu & Kashmir),
YAY,St Anthony,
SBK,St Brieuc,
YCM,St Catharines,
SKV,St Catherine,
STX,St Croix I,
EBU,St Etienne,
ACH,St Gallen,
HLS,St Helens,
YYT,St John's,
LEQ,St Just in Penwith,
XLS,St Louis,
UVF,St Lucia,
SNR,St Nazaire,
YST,St Theresa Point,
YQS,St Thomas,
STT,St Thomas I/Charlotte Amalie,
SVD,St Vincent,
YIF,St-Augustin,
YHU,St-Hubert,
YJN,St-Jean,
YSL,St-Leonard,
STC,St. Cloud,
SGU,St. George,
GND,St. George's,
STL,St. Louis,
ISC,St. Mary's,
PIE,St. Petersburg,
FSP,St. Pierre,
TYM,Staniel Cay,
UNV,State College,
STA,Stauning,
SVG,Stavanger,
GLO,Staverton,
STW,Stavropol,
SWC,Stawell,
YJT,Stephenville,
ZST,Stewart,
TRD,Stjordal,
NYO,Stockholm,
ARN,Stockholm,
BMA,Stockholm,
SCK,Stockton,
SKN,Stokmarknes,
YSF,Stony Rapids,
SYY,Stornoway,
SQO,Storuman,
SRN,Strahan,
SXL,Strandhill,
SXB,Strasbourg,
STR,Stuttgart,
SYK,Stykkisholmur,
SFS,Subic Bay,
SCV,Suceava,
SRE,Sucre,
SUQ,Sucua,
YSB,Sudbury,
YSD,Suffield,
SUL,Sui,
SUI,Sukhimi,
THS,Sukhothai,
SKZ,Sukkur,
ISU,Sulaymaniyah,
SUT,Sumbawanga,
YSU,Summerside,
SDL,Sundsvall,
NYI,Sunyani,
SUB,Surabaya,
SOC,Surakarta (Solo),
AAV,Surallah,
STV,Surat (Gurajat),
URT,Surat Thani,
SGC,Surgut,
SUG,Surigao,
SKH,Surkhet,
SWU,Suwon,
SZV,Suzhou,
EVG,Sveg,
SVJ,Svolvaer,
SWP,Swakopmund,
SWH,Swan Hill,
ZJN,Swan River,
SWS,Swansea,
YYN,Swift Current,
YQY,Sydney,
SCW,Syktyvkar,
ZYL,Sylhet,
SYR,Syracuse,
JSY,Syros (Siros),
SZZ,Szczecin,
SZY,Szczytno,
TCP,Taba,
TBJ,Tabarka,
TCX,Tabas,
TBH,Tablas,
TBO,Tabora,
TXU,Tabou,
TBZ,Tabriz,
TUU,Tabuk,
THL,Tachilek,
ESM,Tachina,
TAC,Tacloban,
TCQ,Tacna,
TAW,Tacuarembo,
XTL,Tadoule Lake,
TAE,Taegu,
TAG,Tagbilaran,
THZ,Tahoua,
TIF,Taif,
TPE,Taipei,
TSA,Taipei,
TPG,Taiping,
TSC,Taisha,
TYN,Taiyuan,
TAI,Taiz,
TKT,Tak,
TKD,Takoradi,
TYL,Talara,
TLX,Talca,
TLH,Tallahassee,
TLL,Tallinn,
YYH,Taloyoak,
TTC,Taltal,
TML,Tamale,
TMR,Tamanrasset,
TNO,Tamarindo,
TUD,Tambacounda,
WTA,Tambohorano,
TMU,Tambor,
THT,Tamchakett,
TME,Tame,
TPA,Tampa,
TMP,Tampere,
TAM,Tampico,
TMW,Tamworth,
TTA,Tan Tan,
TDV,Tanandava,
TDG,Tandag,
TGT,Tanga,
TNG,Tanger,
TNJ,Tanjung Pinang,
TAP,Tapachula,
TRK,Tarakan,
TAR,Taranto,
TPC,Tarapoa,
TPP,Tarapoto,
TRW,Tarawa I,
TLB,Tarbela Dam,
LDE,Tarbes,
TRO,Taree,
TGM,Targu-Mures,
TJA,Tarija,
XTO,Taroom,
TAY,Tartu,
TAS,Tashkent,
YTQ,Tasiujaq,
TUO,Taupo,
TRG,Tauranga,
TWU,Tawau,
TBS,Tbilisi,
TCH,Tchibanga,
THC,Tchien,
TEE,Tebessa,
MME,Tees Valley,
TGU,Tegucigalpa,
IKA,Tehran,
THR,Tehran,
TEQ,Tekirdag,
TLV,Tel Aviv,
SDV,Tel Aviv,
TEA,Tela,
TEX,Telluride,
TEM,Temora,
ZCO,Temuco,
TEG,Tenkodogo,
TCA,Tennant Creek,
TPQ,Tepic,
THE,Teresina,
TMJ,Termez,
YXT,Terrace,
YTJ,Terrace Bay,
LSS,Terre-de-Haut,
YZW,Teslin,
TET,Tete,
TTU,Tetouan,
YGB,Texada,
TXK,Texarkana,
TEZ,Tezpur (Assam),
TEI,Tezu (Arunachal Pradesh),
THK,Thakhek,
TKR,Thakuragaon,
TMZ,Thames,
SNW,Thandwe,
THG,Thangool,
XTG,Thargomindah,
YQD,The Pas,
SKG,Thessaloniki,
YTD,Thicket Portage,
TRV,Thiruvananthapuram (Kerala),
TED,Thisted,
YTH,Thompson,
TTH,Thumrait,
YQT,Thunder Bay,
TSN,Tianjin,
TID,Tiaret,
TYB,Tibooburra,
TIB,Tibu,
THI,Tichit,
TIY,Tidjikja,
TIJ,Tijuana,
TKC,Tiko,
TIU,Timaru,
TMD,Timbedra,
TMX,Timimoun,
TSR,Timisoara,
YTS,Timmins,
TGI,Tingo Maria,
TIE,Tippi,
TPN,Tiputini,
TIA,Tirane (Tirana),
TRZ,Tiruchirapalli (Tamil Nadu),
TIR,Tirupati (Andhra Pradesh),
TIV,Tivat,
TLM,Tlemcen,
TMM,Toamasina,
TOQ,Tocopilla,
YAZ,Tofino,
MYE,Tokyo,
HND,Tokyo,
OIM,Tokyo,
HAC,Tokyo,
FTU,Tolagnaro,
TOL,Toledo,
TLE,Toliara,
TLC,Toluca,
TOM,Tombouctou,
TNH,Tonghua,
TGO,Tongliao,
TWB,Toowoomba,
FOE,Topeka,
YYZ,Toronto,
YTZ,Toronto,
YKZ,Toronto,
TRY,Tororo,
TRC,Torreon,
TYF,Torsby,
TTB,Tortoli,
TTQ,Tortuguero,
TTJ,Tottori,
TOZ,Touba,
TGR,Touggourt,
TOU,Touho,
TLS,Toulouse,
TUF,Tours,
TNF,Toussus-Le-Noble,
TSV,Townsville,
TOY,Toyama,
TOE,Tozeur,
TZX,Trabzon,
TST,Trang,
TPS,Trapani,
TVC,Traverse City,
TCB,Treasure Cay (Abaco),
TYT,Treinta Y Tres,
YTR,Trenton,
TTN,Trenton,
TQS,Tres Esquinas,
TSF,Treviso,
TRI,Tri-Cities,
TRR,Trincomalee,
TDD,Trinidad,
TDA,Trinidad,
TND,Trinidad,
TIP,Tripoli,
YRQ,Trois-Rivieres,
FNB,Trollenhagen,
THN,Trollhattan - Vanersborg,
TOS,Tromso,
TRU,Trujillo,
TTS,Tsaratanana,
TBY,Tshabong,
TSH,Tshikapa,
WTS,Tsiroanomandidy,
TSB,Tsumeb,
RGI,Tuamotu Island,
TUS,Tucson,
TUC,Tucuman,
TUV,Tucupita,
TUG,Tuguegarao,
YUB,Tuktoyaktuk,
TUA,Tulcan,
TCE,Tulcea,
TLD,Tuli Lodge,
MEL,Tullamarine,
TUL,Tulsa,
ULQ,Tulua,
TCO,Tumaco,
TBP,Tumbes,
TMO,Tumeremo,
TMI,Tumlingtar,
TUM,Tumut,
TUN,Tunis,
TUP,Tupelo,
TUI,Turaif,
TUK,Turbat,
TRB,Turbo,
TRN,Turin (Torino),
TKU,Turku,
GCN,Tusayan,
TGZ,Tuxtla Gutierrez,
TBB,Tuy Hoa,
TZL,Tuzla,
TWF,Twin Falls,
TYR,Tyler,
LTA,Tzaneen,
UDI,Uberlandia,
UBP,Ubon Ratchathani,
UDR,Udaipur (Rajasthan),
UTP,Udon Thani,
UTH,Udon Thani,
UFA,Ufa,
UHE,Uherske Hradiste,
UGO,Uige,
UCT,Ukhta,
ULN,Ulaanbaatar,
UUD,Ulan-Ude,
HLH,Ulanhot,
USN,Ulsan,
ULD,Ulundi,
UME,Umea,
YUD,Umiujaq,
UTT,Umtata,
DUT,Unalaska,
UNI,Union I.,
UPL,Upala,
UPV,Upavon,
JUV,Upernavik,
UTN,Upington,
URA,Uralsk,
YBE,Uranium City,
UGC,Urgench,
URM,Uriman,
UPN,Uruapan,
URC,Urumqi,
USH,Ushuaia,
UTR,Uttaradit,
UMD,Uummannaq,
UDJ,Uzhhorod,
ZZE,Uzice,
VAA,Vaasa,
BDQ,Vadodara (Gujarat),
VDS,Vadso,
YVO,Val-D'or,
VDZ,Valdez,
ZAL,Valdivia,
VLD,Valdosta,
VAF,Valence,
VLC,Valencia,
VLN,Valencia,
VLV,Valera,
QWV,Valjevo,
VLL,Valladolid,
VDP,Valle De La Pascua,
VUP,Valledupar,
VAH,Vallegrande,
VLR,Vallenar,
VPS,Valparaiso,
VAN,Van,
YVR,Vancouver,
VNE,Vannes,
VRA,Varadero,
VNS,Varanasi (Uttar Pradesh),
VAW,Vardo,
VRK,Varkaus,
VAR,Varna,
VST,Vasteras,
VVK,Vastervik,
VAT,Vatomandry,
VAV,Vava'u,
VXO,Vaxjo,
VCE,Venice (Venezia),
VTS,Ventspils,
VER,Veracruz,
YVG,Vermilion,
YVE,Vernon,
VRN,Verona,
VEY,Vestmannaeyjar,
VIC,Vicenza,
VCH,Vichadero,
VHY,Vichy,
YYJ,Victoria,
ZIC,Victoria,
VCT,Victoria,
VFA,Victoria Falls,
VCV,Victorville,
VDM,Viedma,
VTE,Vientiane,
VGN,Vigan,
VGO,Vigo,
VGA,Vijayawada (Andhra Pradesh),
VRL,Vila Real,
VNX,Vilankulu,
VHM,Vilhelmina,
VME,Villa Reynolds,
VGZ,Villagarzon,
VSA,Villahermosa,
VLM,Villamontes,
VVC,Villavicencio,
KNA,Vina Del Mar,
MVY,Vineyard Haven,
VII,Vinh,
VIN,Vinnytsia,
VRC,Virac,
VIJ,Virgin Gorda,
VTZ,Visakhapatnam (Andhra Pradesh),
VBY,Visby,
VSE,Viseu,
VTB,Vitebsk,
VIX,Vitoria,
VIT,Vitoria-Gasteiz,
VTL,Vittel,
OGZ,Vladikavkaz,
VVO,Vladivostok,
VOH,Vohimarina,
VOG,Volgograd,
VOZ,Voronezh,
VRE,Vredendal,
VRU,Vryburg,
VYD,Vryheid,
YWK,Wabush,
WAC,Wacca,
ACT,Waco,
WHF,Wadi Halfa,
EWD,Wadi al-Dawasir,
WGA,Wagga Wagga,
WIR,Wairoa,
WJR,Wajir,
SHM,Wakayama,
CEO,Wako Kungo,
WGE,Walgett,
ALW,Walla Walla,
WVB,Walvis Bay,
WKA,Wanaka,
WAG,Wanganui,
WGT,Wangaratta,
AGE,Wangerooge,
WKB,Warracknabeal,
QRR,Warren,
WAW,Warsaw,
YKQ,Waskaganish,
WAT,Waterford,
ALO,Waterloo,
YQH,Watson Lake,
WUU,Wau,
YXZ,Wawa,
YWP,Webequie,
EJH,Wedjh,
NRN,Weeze,
WEF,Weifang,
WEI,Weipa,
WEL,Welkom,
WLG,Wellington,
YNC,Wemindji,
EAT,Wenatchee,
TKK,Weno I,
WNZ,Wenzhou,
OBI,Wessling,
PBI,West Palm Beach,
WWA,West Wyalong,
LBA,West Yorkshire,
GWT,Westerland,
WSZ,Westport,
WWK,Wewak,
WHK,Whakatane,
YXN,Whale Cove,
WHS,Whalsay,
WRE,Whangarei,
HPN,White Plains,
YZU,Whitecourt,
YXY,Whitehorse,
WYA,Whyalla,
YVV,Wiarton,
ICT,Wichita,
SPS,Wichita Falls,
WIC,Wick,
VIE,Wien (Vienna),
AVP,Wilkes-Barre,
YWL,Williams Lake,
IPT,Williamsport,
ILM,Wilmington,
WUN,Wiluna,
ERS,Windhoek,
WDH,Windhoek,
WNR,Windorah,
YQG,Windsor,
BDL,Windsor Locks,
YWG,Winnipeg,
WIN,Winton,
ZWL,Wollaston Lake,
WOL,Wollongong,
WJU,Wonju,
ORH,Worcester,
YWY,Wrigley,
WRO,Wroclaw,
WUH,Wuhan,
WUX,Wuxi,
WUS,Wuyishan,
WUZ,Wuzhou,
OHR,Wyk,
XGN,Xangongo,
XIY,Xi'an,
XMN,Xiamen,
XFN,Xiangfan,
XIC,Xichang,
XKH,Xieng Khouang,
XNT,Xingtai,
XNN,Xining,
XUZ,Xuzhou,
BYC,Yacuiba,
YKM,Yakima,
YAK,Yakutat,
YKS,Yakutsk,
AIG,Yalinga,
SYO,Yamagata,
GAJ,Yamagata,
UBJ,Yamaguchi,
ASK,Yamoussoukro,
ENY,Yan'an,
YNB,Yanbu,
RGN,Yangon,
YNJ,Yanji,
YNT,Yantai,
NSI,Yaounde,
YAO,Yaounde/Ville,
YAP,Yap I,
YQI,Yarmouth,
AZD,Yazd,
XYE,Ye,
YEC,Yechon,
SVX,Yekaterinburg (Sverdlovsk),
EYL,Yelimane,
YZF,Yellowknife,
WYE,Yengema,
RSU,Yeosu,
EVN,Yerevan,
YBP,Yibin,
YIH,Yichang,
INC,Yinchuan,
YIN,Yining,
YIW,Yiwu,
YLI,Ylivieska,
JOG,Yogyakarta,
YOL,Yola,
ZAC,York Landing,
YQV,Yorkton,
NGA,Young,
AYQ,Yulara,
UYN,Yulin,
YUM,Yuma,
YMS,Yurimaguas,
UUS,Yuzhno-Sakhalinsk,
ACZ,Zabol,
ZCL,Zacatecas,
ZAD,Zadar,
ZAG,Zagreb,
ZAH,Zahedan,
ZTH,Zakynthos (Zakinthos),
BBZ,Zambezi,
ZAM,Zamboanga,
ANJ,Zanaga,
PBM,Zandery,
ZNZ,Zanzibar,
OZH,Zaporizhzhia,
ZAZ,Zaragoza,
ZAJ,Zaranj,
ZAR,Zaria,
IAM,Zarzaitine,
IMO,Zemio,
ZER,Zero (Arunachal Pradesh),
ZHA,Zhanjiang,
ZAT,Zhaotong,
CGO,Zhengzhou,
DZN,Zhezkazgan,
PZH,Zhob,
HSN,Zhoushan,
ZUH,Zhuhai,
IEG,Zielona Gora,
ZIG,Ziguinchor,
ILZ,Zilina,
ZND,Zinder,
HDF,Zirchow,
OUZ,Zoueratt,
ZYI,Zunyi,
ZRH,Zurich,
HOF,al-Ahsa,
ABT,al-Baha,
AJF,al-Jouf,
